<umba-mm-module-info>

    <options match-var="Toolchain" match-to="keil-v*/armcc-v*">
      <options-list type="cpp_options">--cpp11</options-list>
    </options>

    <options match-var="Toolchain" match-to="keil-v*/armclang-v*,*/gcc*">
      <options-list type="cpp_options">-std=c++11</options-list>
    </options>

    <!-- Supported since Visual C++ 2013 Update 3 -->
    <options match-var="Toolchain" match-to="msvs-v201*/msc_v*">
      <options-list type="cpp_options">/std:c++14</options-list>
    </options>

    <file>
      <file-path>_readme.txt</file-path>
    </file>

    <file>
      <file-path>numerics_base.h</file-path>
    </file>

    <file>
      <file-path>averager.h</file-path>
    </file>

    <file>
      <file-path>can.h</file-path>
    </file>

    <file>
      <file-path>percent.h</file-path>
    </file>

    <file>
      <file-path>pid.h</file-path>
    </file>

    <file>
      <file-path>pwm.h</file-path>
    </file>

    <file>
      <file-path>round.h</file-path>
    </file>

    <file>
      <file-path>trigonom.h</file-path>
    </file>

    <file>
      <file-path>dc_motor_positioning.h</file-path>
    </file>

</umba-mm-module-info>