<?xml version="1.0" encoding="Windows-1251"?>
<mbs-config>
<!-- 

// platforms: os-cpu-kernel_ver-distr-distr_ver
// linux-x86-2.4-debian-2008
// freebsd-x86---6.0          - empty kernel version, and distr name


: - in reference to macro performa parameter substitution (like params in function call)
CALLED_MACRO := $(%0) $(%1) $(%2) $(%3)
                 ^ - number of passed args
usage 
CALLED_MACRO(A:B) expands to '2 A B ' (trailing space included)
CALLED_MACRO(A:B:C) expands to '3 A B C' (no trailing space)


conditions
CONDITIONAL_TEST_EXISTENCE := $(SOME_MACRO_NAME?*A:B)
$(CONDITIONAL_TEST_EXISTENCE) expands to B (macro SOME_MACRO_NAME not exists)

CONDITIONAL_TEST_EXISTENCE := $(SOME_MACRO_NAME?*A:B)
SOME_MACRO_NAME:=
$(CONDITIONAL_TEST_EXISTENCE) expands to A (macro SOME_MACRO_NAME exists)

CONDITIONAL_TEST_EXISTENCE := $(SOME_MACRO_NAME?+A:B)
SOME_MACRO_NAME:=
$(CONDITIONAL_TEST_EXISTENCE) expands to B (macro SOME_MACRO_NAME exists, but empty)

CONDITIONAL_TEST_EXISTENCE := $(%1?+A:B)
SOME_MACRO_NAME:=C
$(CONDITIONAL_TEST_EXISTENCE:SOME_MACRO_NAME) expands to A %1 is a macro, its text is SOME_MACRO_NAME
$(CONDITIONAL_TEST_EXISTENCE:) expands to B

-->
<vars>


# -Wno-non-virtual-dtor - minimize warnings
COMMONCOPTIMIZEFLAGS=
COMMONCDEBUGFLAGS=

CPPFLAGS   =
CCFLAGS    = 
COMMONCFLAGS = 

QT_CPPOPDEF = $(_USEQT_?*$(CPPOPTDEF:$(%1):$(%2)))
WX_CPPOPDEF = $(_USEWX_?*$(CPPOPTDEF:$(%1):$(%2)))


CPPEXFLAGS = #(MBS_CPPFLAGS) #(MBS_EXT_CPP_OPTIONS)
CCEXFLAGS  = #(MBS_CFLAGS)   #(MBS_EXT_CC_OPTIONS)

CPPINC     =$$($(PROJECTNAME)_$(CONFIGURATIONNAME)_INCPATH)$(LSEP)$$($(PROJECTNAME)_INCPATH)$(LSEP)$$($(CONFIGURATIONNAME)_INCPATH)$(LSEP)#(MBS_INCLUDE_PATH)
CCINC      =$$($(PROJECTNAME)_$(CONFIGURATIONNAME)_INCPATH)$(LSEP)$$($(PROJECTNAME)_INCPATH)$(LSEP)$$($(CONFIGURATIONNAME)_INCPATH)$(LSEP)#(MBS_INCLUDE_PATH)

CPPDEF     =
CCDEF      =
COMMONCDEF =

# mingw redefine vars below, gcc does not
LNK_ADD_STDCALL_ALIAS=
LNK_ENABLE_STDCALL_FIXUP=


LIBS       =#($(PROJECTNAME)_$(CONFIGURATIONNAME)_LIBS)$(LSEP)$$($(PROJECTNAME)_LIBS)$(LSEP)$$($(CONFIGURATIONNAME)_LIBS)
LIBPATH    =#($(PROJECTNAME)_$(CONFIGURATIONNAME)_LIBPATH)$(LSEP)#(MBS_ROOT_LIB_PATH)$(PSEP)$(PlatformName)$(PSEP)$(ConfigurationName)$(LSEP)$(TargetPath)
#LIBPATH    =#($(PROJECTNAME)_$(CONFIGURATIONNAME)_LIBPATH)$(LSEP)#(MBS_LIB_PATH)$(LSEP)#(MBS_ROOT_LIB_PATH)$(PSEP)$(PlatformName)$(PSEP)$(ConfigurationName)$(LSEP)$(TargetPath)
#LIBPATH    =$$($(PROJECTNAME)_$(CONFIGURATIONNAME)_LIBPATH)$(LSEP)#(MBS_LIB_PATH)$(LSEP)#(MBS_ROOT_LIB_PATH)$(PSEP)$(ConfigurationName)$(LSEP)$(TargetPath)
#LINKFLAGS = #(MBS_LIBS)
#LINKFLAGS = $(LNKOPTLIB:)
#PLATFORM_CONFIGURATION_LIB_PATHS = $(LNKOPTLIBPATH:$$($(PROJECTNAME)_$(CONFIGURATIONNAME)_LIBPATH)) $(LNKOPTLIBPATH:#(MBS_ROOT_LIB_PATH)) $(LNKOPTLIBPATH:#(MBS_ROOT_LIB_PATH)/$(ConfigurationName)) $(LNKOPTLIBPATH:#(MBS_ROOT_LIB_PATH)/$(ConfigurationName)/$(PlatformName))
#PLATFORM_CONFIGURATION_LIB_PATHS = $(LNKOPTLIBPATH: $(LNKOPTLIBPATH:#(MBS_ROOT_LIB_PATH)) $(LNKOPTLIBPATH:#(MBS_ROOT_LIB_PATH)/$(ConfigurationName)) $(LNKOPTLIBPATH:#(MBS_ROOT_LIB_PATH)/$(ConfigurationName)/$(PlatformName))
LINKFLAGS  = 


COMMONCDEF+= $(WX_CPPOPDEF:__WX__)

</vars>


<vars configuration="debug">
COMMONCDEF+= $(CPPOPTDEF:DEBUG)$(CPPOPTDEF:_DEBUG)$(CPPOPTDEF:__DEBUG__)
COMMONCFLAGS+= $(COMMONCDEBUGFLAGS)
#CPPDEF+=$(CPPOPTDEF:DEBUG)$(CPPOPTDEF:_DEBUG)$(CPPOPTDEF:__DEBUG__)
#CCDEF+=$(CPPOPTDEF:DEBUG)$(CPPOPTDEF:_DEBUG)$(CPPOPTDEF:__DEBUG__)

COMMONCDEF+= $(WX_CPPOPDEF:__WXDEBUG__)

</vars>

<vars configuration="unicode_debug">
COMMONCDEF+= $(CPPOPTDEF:DEBUG)$(CPPOPTDEF:UNICODE)$(CPPOPTDEF:_UNICODE)$(CPPOPTDEF:_DEBUG)$(CPPOPTDEF:__DEBUG__)
COMMONCFLAGS+= $(COMMONCDEBUGFLAGS)
#CPPDEF+=$(CPPOPTDEF:DEBUG)$(CPPOPTDEF:UNICODE)$(CPPOPTDEF:_UNICODE)$(CPPOPTDEF:_DEBUG)$(CPPOPTDEF:__DEBUG__)
#CCDEF +=$(CPPOPTDEF:DEBUG)$(CPPOPTDEF:UNICODE)$(CPPOPTDEF:_UNICODE)$(CPPOPTDEF:_DEBUG)$(CPPOPTDEF:__DEBUG__)

COMMONCDEF+= $(WX_CPPOPDEF:__WXDEBUG__)
COMMONCDEF+= $(WX_CPPOPDEF:wxUSE_UNICODE)

</vars>

<vars configuration="debug_monolithic">
COMMONCDEF+= $(CPPOPTDEF:DEBUG)$(CPPOPTDEF:CLI_MONOLITHIC)$(CPPOPTDEF:_DEBUG)$(CPPOPTDEF:__DEBUG__)
COMMONCFLAGS+= $(COMMONCDEBUGFLAGS)
#CPPDEF+=$(CPPOPTDEF:DEBUG)$(CPPOPTDEF:CLI_MONOLITHIC)$(CPPOPTDEF:_DEBUG)$(CPPOPTDEF:__DEBUG__)
#CCDEF +=$(CPPOPTDEF:DEBUG)$(CPPOPTDEF:CLI_MONOLITHIC)$(CPPOPTDEF:_DEBUG)$(CPPOPTDEF:__DEBUG__)

COMMONCDEF+= $(WX_CPPOPDEF:__WXDEBUG__)

</vars>

<vars configuration="release">
COMMONCDEF+= $(CPPOPTDEF:RELEASE)$(CPPOPTDEF:NDEBUG)
COMMONCFLAGS+= $(COMMONCOPTIMIZEFLAGS)
#CPPDEF+=$(CPPOPTDEF:RELEASE)$(CPPOPTDEF:NDEBUG)
#CCDEF +=$(CPPOPTDEF:RELEASE)$(CPPOPTDEF:NDEBUG)

COMMONCDEF+= $(QT_CPPOPDEF:QT_NO_DEBUG)

</vars>

<vars configuration="unicode_release">
COMMONCDEF+= $(CPPOPTDEF:RELEASE)$(CPPOPTDEF:NDEBUG)$(CPPOPTDEF:UNICODE)$(CPPOPTDEF:_UNICODE)
COMMONCFLAGS+= $(COMMONCOPTIMIZEFLAGS)
#CPPDEF+=$(CPPOPTDEF:RELEASE)$(CPPOPTDEF:NDEBUG)$(CPPOPTDEF:UNICODE)$(CPPOPTDEF:_UNICODE)
#CCDEF +=$(CPPOPTDEF:RELEASE)$(CPPOPTDEF:NDEBUG)$(CPPOPTDEF:UNICODE)$(CPPOPTDEF:_UNICODE)

COMMONCDEF+= $(QT_CPPOPDEF:QT_NO_DEBUG)
COMMONCDEF+= $(WX_CPPOPDEF:wxUSE_UNICODE)

</vars>

<vars configuration="release_monolithic">
COMMONCDEF+= $(CPPOPTDEF:RELEASE)$(CPPOPTDEF:NDEBUG)$(CPPOPTDEF:CLI_MONOLITHIC)
COMMONCFLAGS+= $(COMMONCOPTIMIZEFLAGS)
#CPPDEF+=$(CPPOPTDEF:RELEASE)$(CPPOPTDEF:NDEBUG)$(CPPOPTDEF:CLI_MONOLITHIC)
#CCDEF +=$(CPPOPTDEF:RELEASE)$(CPPOPTDEF:NDEBUG)$(CPPOPTDEF:CLI_MONOLITHIC)
</vars>



<vars>
#redefine them in toolset vars toolset
# CPPOPTDEF:=-D$(*)
# CCOPTDEF:=-D$(*)

# misc aux flags/settings

COMMONCDEF+= $(CPPOPTDEF:__MBS_STRINGISE(name):##name)
COMMONCDEF+= $(CPPOPTDEF:MBS_STRINGISE(name):__MBS_STRINGISE(name))
#CCDEF  +=$(CPPOPTDEF:__MBS_STRINGISE(name):##name)
#CCDEF  +=$(CPPOPTDEF:MBS_STRINGISE(name):__MBS_STRINGISE(name))
#CPPDEF +=$(CPPOPTDEF:__MBS_STRINGISE(name):##name)
#CPPDEF +=$(CPPOPTDEF:MBS_STRINGISE(name):__MBS_STRINGISE(name))

COMMONCDEF+= $(OUTPUTTYPE?*$(CPPOPTDEF:TARGET_TYPE_$(OUTPUTTYPE)))
#CPPDEF +=$(OUTPUTTYPE?*$(CPPOPTDEF:TARGET_TYPE_$(OUTPUTTYPE)))
#CCDEF  +=$(OUTPUTTYPE?*$(CPPOPTDEF:TARGET_TYPE_$(OUTPUTTYPE)))

# os/platform definition DEFs

COMMONCDEF+= $(PLATFORMOS?*$(CPPOPTDEF:$(PLATFORMOS)))
#CPPDEF +=$(PLATFORMOS?*$(CPPOPTDEF:$(PLATFORMOS)))
#CCDEF  +=$(PLATFORMOS?*$(CPPOPTDEF:$(PLATFORMOS)))

COMMONCDEF+= $(PLATFORMOSVER?*$(CPPOPTDEF:$(PLATFORMOS)VER:$(PLATFORMOSVER)))
#CPPDEF +=$(PLATFORMOSVER?*$(CPPOPTDEF:$(PLATFORMOS)VER:$(PLATFORMOSVER)))
#CCDEF  +=$(PLATFORMOSVER?*$(CPPOPTDEF:$(PLATFORMOS)VER:$(PLATFORMOSVER)))

COMMONCDEF+= $(PLATFORMOSVER?*$(CPPOPTDEF:PLATFORMOSVER:$(PLATFORMOSVER)))
#CPPDEF +=$(PLATFORMOSVER?*$(CPPOPTDEF:PLATFORMOSVER:$(PLATFORMOSVER)))
#CCDEF  +=$(PLATFORMOSVER?*$(CPPOPTDEF:PLATFORMOSVER:$(PLATFORMOSVER)))

COMMONCDEF+= $(PLATFORMOSVERPATCH?*$(CPPOPTDEF:$(PLATFORMOS)VERPATCH:$(PLATFORMOSVERPATCH)))
#CPPDEF +=$(PLATFORMOSVERPATCH?*$(CPPOPTDEF:$(PLATFORMOS)VERPATCH:$(PLATFORMOSVERPATCH)))
#CCDEF  +=$(PLATFORMOSVERPATCH?*$(CPPOPTDEF:$(PLATFORMOS)VERPATCH:$(PLATFORMOSVERPATCH)))

COMMONCDEF+= $(PLATFORMOSVERPATCH?*$(CPPOPTDEF:PLATFORMOSVERPATCH:$(PLATFORMOSVERPATCH)))
#CPPDEF +=$(PLATFORMOSVERPATCH?*$(CPPOPTDEF:PLATFORMOSVERPATCH:$(PLATFORMOSVERPATCH)))
#CCDEF  +=$(PLATFORMOSVERPATCH?*$(CPPOPTDEF:PLATFORMOSVERPATCH:$(PLATFORMOSVERPATCH)))

COMMONCDEF+= $(PLATFORMMACHINE?*$(CPPOPTDEF:$(PLATFORMMACHINE)))
#CPPDEF +=$(PLATFORMMACHINE?*$(CPPOPTDEF:$(PLATFORMMACHINE)))
#CCDEF  +=$(PLATFORMMACHINE?*$(CPPOPTDEF:$(PLATFORMMACHINE)))

COMMONCDEF+= $(PLATFORMMACHINE?*$(CPPOPTDEF:PLATFORMMACHINE:$(PLATFORMMACHINE)))
#CPPDEF +=$(PLATFORMMACHINE?*$(CPPOPTDEF:PLATFORMMACHINE:$(PLATFORMMACHINE)))
#CCDEF  +=$(PLATFORMMACHINE?*$(CPPOPTDEF:PLATFORMMACHINE:$(PLATFORMMACHINE)))

COMMONCDEF+= $(ProjectName?*$(CPPOPTDEF:MBS_PROJECT_NAME:MBS_STRINGISE($(ProjectName))))
#CPPDEF +=$(ProjectName?*$(CPPOPTDEF:MBS_PROJECT_NAME:MBS_STRINGISE($(ProjectName))))
#CCDEF  +=$(ProjectName?*$(CPPOPTDEF:MBS_PROJECT_NAME:MBS_STRINGISE($(ProjectName))))

COMMONCDEF+= $(PlatformName?*$(CPPOPTDEF:MBS_TARGET_PLATFORM_NAME:MBS_STRINGISE($(PlatformName))))
#CPPDEF +=$(PlatformName?*$(CPPOPTDEF:MBS_TARGET_PLATFORM_NAME:MBS_STRINGISE($(PlatformName))))
#CCDEF  +=$(PlatformName?*$(CPPOPTDEF:MBS_TARGET_PLATFORM_NAME:MBS_STRINGISE($(PlatformName))))

COMMONCDEF+= $(PlatformRealName?*$(CPPOPTDEF:MBS_TARGET_PLATFORM_REAL_NAME:MBS_STRINGISE($(PlatformRealName))))
#CPPDEF +=$(PlatformRealName?*$(CPPOPTDEF:MBS_TARGET_PLATFORM_REAL_NAME:MBS_STRINGISE($(PlatformRealName))))
#CCDEF  +=$(PlatformRealName?*$(CPPOPTDEF:MBS_TARGET_PLATFORM_REAL_NAME:MBS_STRINGISE($(PlatformRealName))))

COMMONCDEF+= $(HostPlatformName?*$(CPPOPTDEF:MBS_HOST_PLATFORM_NAME:MBS_STRINGISE($(HostPlatformName))))
#CPPDEF +=$(HostPlatformName?*$(CPPOPTDEF:MBS_HOST_PLATFORM_NAME:MBS_STRINGISE($(HostPlatformName))))
#CCDEF  +=$(HostPlatformName?*$(CPPOPTDEF:MBS_HOST_PLATFORM_NAME:MBS_STRINGISE($(HostPlatformName))))

COMMONCDEF+= $(Toolset?*$(CPPOPTDEF:MBS_TOOLSET_NAME:MBS_STRINGISE($(Toolset))))
#CPPDEF +=$(Toolset?*$(CPPOPTDEF:MBS_TOOLSET_NAME:MBS_STRINGISE($(Toolset))))
#CCDEF  +=$(Toolset?*$(CPPOPTDEF:MBS_TOOLSET_NAME:MBS_STRINGISE($(Toolset))))

COMMONCDEF+= $(ConfigurationName?*$(CPPOPTDEF:MBS_CONFIGURATION_NAME:MBS_STRINGISE($(ConfigurationName))))
#CPPDEF +=$(ConfigurationName?*$(CPPOPTDEF:MBS_CONFIGURATION_NAME:MBS_STRINGISE($(ConfigurationName))))
#CCDEF  +=$(ConfigurationName?*$(CPPOPTDEF:MBS_CONFIGURATION_NAME:MBS_STRINGISE($(ConfigurationName))))
</vars>


<vars target-platform="mingw;mingw295;win32">
COMMONCDEF+= $(CPPOPTDEF:WIN32) $(CPPOPTDEF:_WIN32)
#CPPDEF +=$(CPPOPTDEF:WIN32) $(CPPOPTDEF:_WIN32)
#CCDEF  +=$(CPPOPTDEF:WIN32) $(CPPOPTDEF:_WIN32)

COMMONCDEF+= $(PLATFORMOSVER?*$(CPPOPTDEF:WINVER:$(PLATFORMOSVER)))
#CPPDEF +=$(PLATFORMOSVER?*$(CPPOPTDEF:WINVER:$(PLATFORMOSVER)))
#CCDEF  +=$(PLATFORMOSVER?*$(CPPOPTDEF:WINVER:$(PLATFORMOSVER)))

COMMONCDEF+= $(WX_CPPOPDEF:__WXMSW__)

</vars>


<!--
Borland make 5.2

String substitutions in MAKE macros

Rules for macro substitution:

Syntax: $(MacroName:original_text=new_text)
    No space before or after the colon
    Characters in original_text must exactly match the characters in the macro definition (text is case-sensitive)
-->

<vars toolset="mingw-gcc;mingw-gcc-2_95_3;gcc;gcc-4;arm-cs-win32-gcc;arm-cs-linux-gcc;arm-andk-win32-gcc44;arm-andk-win32-gcc46;arm-andk-linux-gcc44;arm-andk-linux-gcc46">
COMMONCOPTIMIZEFLAGS+= -O2 -s 
COMMONCDEBUGFLAGS   += -g
#COMMONCFLAGS        += -Wno-non-virtual-dtor
# CPPFLAGS   += -Wno-non-virtual-dtor
</vars>

<vars toolset="mingw-gcc">
MAKE=mingw32-make
CC=mingw32-gcc
CPP=mingw32-g++
CODEBLOCKS_TOOLSET_NAME=gcc
</vars>

<vars toolset="mingw-gcc-2_95_3">
MAKE=mingw32-make
CC=mingw32-gcc-2
CPP=mingw32-g++-2
CODEBLOCKS_TOOLSET_NAME=gcc
</vars>

<vars toolset="gcc">
MAKE=make
CC=gcc
CPP=g++
CODEBLOCKS_TOOLSET_NAME=gcc
</vars>

<vars toolset="gcc-4">
MAKE=make
CC=gcc-4
CPP=g++-4
CODEBLOCKS_TOOLSET_NAME=gcc
</vars>

<!-- ARM cross compiler toolset: Win32 host -> Linux ARM target -->
<vars toolset="arm-cs-win32-gcc">
MAKE=cs-make
CC=arm-none-linux-gnueabi-gcc
CPP=arm-none-linux-gnueabi-g++
CODEBLOCKS_TOOLSET_NAME=codesourcery_gnu_arm_gcc_compiler
</vars>

<!-- ARM cross compiler toolset: Linux host -> Linux ARM target -->
<vars toolset="arm-cs-linux-gcc">
MAKE=cs-make
CC=arm-none-linux-gnueabi-gcc
CPP=arm-none-linux-gnueabi-g++
CODEBLOCKS_TOOLSET_NAME=codesourcery_gnu_arm_gcc_compiler
</vars>

<!-- Android NDK ARM GCC4.4 cross compiler toolset: Win32 host -> Android ARM target -->
<vars toolset="arm-andk-win32-gcc44">
TOOLSET_PATH=D:\android-ndk-r8b\toolchains\arm-linux-androideabi-4.4.3\prebuilt\windows\bin;D:\android-ndk-r8b\prebuilt\windows\bin;
MAKE=make
CC=arm-linux-androideabi-gcc
CPP=arm-linux-androideabi-g++.exe
CODEBLOCKS_TOOLSET_NAME=android_ndk_arm_gcc44_compiler
</vars>

<!-- Android NDK ARM GCC4.4 cross compiler toolset: Linux host -> Android ARM target -->
<vars toolset="arm-andk-linux-gcc44">
TOOLSET_PATH=D:\android-ndk-r8b\toolchains\arm-linux-androideabi-4.4.3\prebuilt\windows\bin;D:\android-ndk-r8b\prebuilt\windows\bin;
MAKE=make
CC=arm-linux-androideabi-gcc
CPP=arm-linux-androideabi-g++.exe
CODEBLOCKS_TOOLSET_NAME=android_ndk_arm_gcc44_compiler
</vars>

<!-- Android NDK ARM GCC4.6 cross compiler toolset: Win32 host -> Android ARM target -->
<vars toolset="arm-andk-win32-gcc46">
TOOLSET_PATH=D:\android-ndk-r8b\toolchains\arm-linux-androideabi-4.6\prebuilt\windows\bin;D:\android-ndk-r8b\prebuilt\windows\bin;
MAKE=make
CC=arm-linux-androideabi-gcc
CPP=arm-linux-androideabi-g++.exe
CODEBLOCKS_TOOLSET_NAME=android_ndk_arm_gcc46_compiler
</vars>

<!-- Android NDK ARM GCC4.6 cross compiler toolset: Linux host -> Android ARM target -->
<vars toolset="arm-andk-linux-gcc46">
TOOLSET_PATH=D:\android-ndk-r8b\toolchains\arm-linux-androideabi-4.6\prebuilt\windows\bin;D:\android-ndk-r8b\prebuilt\windows\bin;
MAKE=make
CC=arm-linux-androideabi-gcc
CPP=arm-linux-androideabi-g++.exe
CODEBLOCKS_TOOLSET_NAME=android_ndk_arm_gcc46_compiler
</vars>


<vars toolset="mingw-gcc;mingw-gcc-2_95_3;arm-cs-win32-gcc;arm-andk-win32-gcc44;arm-andk-win32-gcc46">
CPPOPTDEF:= -D"$(%2?+$(%1)=$(%2):$(%1))"
CCOPTDEF := -D"$(%2?+$(%1)=$(%2):$(%1))"
# CPPOPTINCPATH:= "$(%1?+-I$(%1))"
# CCOPTINCPATH := "$(%1?+-I$(%1))"
CPPOPTINCPATH:= $(%1?+#(patsubst %,-I%,#(subst $(LSEP), ,$(%1))))
CCOPTINCPATH := $(%1?+#(patsubst %,-I%,#(subst $(LSEP), ,$(%1))))
LNKOPTLIBPATH:= $(%1?+#(patsubst %,-L%,#(subst $(LSEP), ,$(%1))))
LNKOPTLIB:= $(%1?+#(patsubst %,-l%,#(subst $(LSEP), ,$(%1))))
</vars>

<vars toolset="mingw-gcc;mingw-gcc-2_95_3">
LNK_ADD_STDCALL_ALIAS=-Wl,--add-stdcall-alias
LNK_ENABLE_STDCALL_FIXUP=-Wl,--enable-stdcall-fixup

COMMONCFLAGS += -Wall -fmessage-length=320 -mthreads -Wno-non-virtual-dtor
</vars>

<vars toolset="arm-cs-win32-gcc">
LNK_ADD_STDCALL_ALIAS=
LNK_ENABLE_STDCALL_FIXUP=
COMMONCFLAGS += -Wall -fmessage-length=320 -fPIC -pthread -Wno-non-virtual-dtor
LINKFLAGS+= -pthread
CPPFLAGS+=-fexceptions
</vars>

<vars toolset="arm-andk-win32-gcc44;arm-andk-win32-gcc46">
LNK_ADD_STDCALL_ALIAS=
LNK_ENABLE_STDCALL_FIXUP=
COMMONCFLAGS += -Wall -fmessage-length=320 -fPIC -pthread -Wno-non-virtual-dtor
LINKFLAGS+= -shared -Wl,--no-undefined -Wl,-z,noexecstack -Wl,-z,relro -Wl,-z,now
CPPFLAGS+=-fexceptions
</vars>



<vars toolset="gcc;gcc-4">
CPPOPTDEF:= -D"$(%2?+$(%1)=$(%2):$(%1))"
CCOPTDEF := -D"$(%2?+$(%1)=$(%2):$(%1))"
# CPPOPTINCPATH:= "$(%1?+-I$(%1))"
# CCOPTINCPATH := "$(%1?+-I$(%1))"
CPPOPTINCPATH:= $(%1?+#(patsubst %,-I%,#(subst $(LSEP), ,$(%1))))
CCOPTINCPATH := $(%1?+#(patsubst %,-I%,#(subst $(LSEP), ,$(%1))))
LNKOPTLIBPATH:= $(%1?+#(patsubst %,-L%,#(subst $(LSEP), ,$(%1))))
LNKOPTLIB:= $(%1?+#(patsubst %,-l%,#(subst $(LSEP), ,$(%1))))

#LINKFLAGS+=

COMMONCFLAGS += -Wall -fmessage-length=320 -fPIC -Wno-non-virtual-dtor
#CPPFLAGS += -Wall -fmessage-length=320 -fPIC 
#CCFLAGS  += -Wall -fmessage-length=320 -fPIC
</vars>

<vars toolset="arm-cs-linux-gcc;arm-andk-linux-gcc44;arm-andk-linux-gcc46">
CPPOPTDEF:= -D"$(%2?+$(%1)=$(%2):$(%1))"
CCOPTDEF := -D"$(%2?+$(%1)=$(%2):$(%1))"
# CPPOPTINCPATH:= "$(%1?+-I$(%1))"
# CCOPTINCPATH := "$(%1?+-I$(%1))"
CPPOPTINCPATH:= $(%1?+#(patsubst %,-I%,#(subst $(LSEP), ,$(%1))))
CCOPTINCPATH := $(%1?+#(patsubst %,-I%,#(subst $(LSEP), ,$(%1))))
LNKOPTLIBPATH:= $(%1?+#(patsubst %,-L%,#(subst $(LSEP), ,$(%1))))
LNKOPTLIB:= $(%1?+#(patsubst %,-l%,#(subst $(LSEP), ,$(%1))))

#LINKFLAGS+=

COMMONCFLAGS += -Wall -fmessage-length=320 -fPIC -pthread -Wno-non-virtual-dtor
LINKFLAGS+= -pthread
CPPFLAGS+=-fexceptions
</vars>

<vars toolset="mingw-gcc;mingw-gcc-2_95_3" host-platform="mingw;mingw295">
CPPINC   +=$(LSEP)#(MBS_INCLUDE_PATH)
CCINC    +=$(LSEP)#(MBS_INCLUDE_PATH)
</vars>


<vars toolset="gcc;gcc-4;arm-cs-linux-gcc;arm-cs-win32-gcc;arm-andk-win32-gcc44;arm-andk-win32-gcc46;arm-andk-linux-gcc44;arm-andk-linux-gcc46" host-platform="linux;freebsd">
CPPINC   +=$(LSEP)#(MBS_INCLUDE_PATH)
CCINC    +=$(LSEP)#(MBS_INCLUDE_PATH)
</vars>


<vars toolset="mingw-gcc;mingw-gcc-2_95_3" host-platform="mingw;mingw295" target-platform="mingw;mingw295;win32">
COMMONCDEF+= $(CPPOPTDEF:_M_IX86)
#CPPDEF   += $(CPPOPTDEF:_M_IX86)
#CCDEF    += $(CCOPTDEF:_M_IX86)

# disable marty/winapi.h shFolder support
COMMONCDEF+= $(CPPOPTDEF:WINAPI_NO_SHFOLDER)
#CPPDEF   +=  $(CPPOPTDEF:WINAPI_NO_SHFOLDER)
#CCDEF    +=  $(CCOPTDEF:WINAPI_NO_SHFOLDER)

</vars>


<host-platform-options>
    <host-platform name="mingw;mingw295;w32bcc;cs_win32;andk_win32_gcc44;andk_win32_gcc46">
        <config-script-name>config.bat</config-script-name>
        <make-generator-options
            use-bat-files-syntax="1"
            mkdir-support-force-create="1"
            path-separator-char="\"
            opt-list-separator-char=";"
            use-crlf-linefeed="1"/>
    </host-platform>
    <host-platform name="linux;freebsd;cs_linux;andk_linux_gcc44;andk_linux_gcc46">
        <config-script-name>config.sh</config-script-name>
        <make-generator-options
            use-bat-files-syntax="0"
            mkdir-support-force-create="1"
            path-separator-char="/"
            opt-list-separator-char=":"
            use-crlf-linefeed="0"/>
    </host-platform>
</host-platform-options>


<platforms>
    <platform
        name="linux"
        host-platform="linux"
        toolset="gcc"/>
    <platform
        name="freebsd"
        host-platform="freebsd"
        toolset="gcc"/>
    <platform
        name="mingw295"
        host-platform="mingw295"
        toolset="mingw-gcc-2_95_3"
        real-name="win32"/>
    <platform
        name="mingw"
        host-platform="mingw"
        toolset="mingw-gcc"
        real-name="win32"/>
    <platform
        name="win32"
        host-platform="mingw"
        toolset="mingw-gcc"
        real-name="win32"/>
    <platform
        name="bm2k;bm3k"
        toolset="btc"/>

    <!-- _linux_arm -->
    <platform
        name="linux-arm"
        host-platform="cs_win32"
        toolset="arm-cs-win32-gcc"
        real-name="linux"/>
    <platform
        name="linux-arm"
        host-platform="cs_linux"
        toolset="arm-cs-linux-gcc"
        real-name="linux"/>

    <!-- android_arm -->
    <platform
        name="android-arm"
        host-platform="andk_win32_gcc44"
        toolset="arm-andk-win32-gcc44"
        real-name="android"/>
    <platform
        name="android-arm"
        host-platform="andk_linux_gcc44"
        toolset="arm-andk-linux-gcc44"
        real-name="android"/>
    <platform
        name="android-arm"
        host-platform="andk_win32_gcc46"
        toolset="arm-andk-win32-gcc46"
        real-name="android"/>
    <platform
        name="android-arm"
        host-platform="andk_linux_gcc46"
        toolset="arm-andk-linux-gcc46"
        real-name="android"/>

</platforms>

<toolsets> <!-- platform="linux:bm2k;freebsd:bm2k;linux:bm3k;linux;freebsd;mingw;linux-x86" -->
    <toolset
        name="gcc"
        platform="linux:bm2k;freebsd:bm2k;linux:bm3k;linux;freebsd;linux-x86">
        <tool
            name="echo"
            output-ext="">@echo $(Message)</tool>
        <tool
            name="make"
            output-ext="">$(MAKE) $(ProjectRelativePath?+-C $(ProjectRelativePath) )-f $(ProjectFileExt) $*</tool>
        <tool
            name="shell-call"
            output-ext="">if [ -x $(ShellCallParam) ]; then . $(ShellCallParam); fi</tool>
        <tool
            name="mkdir"
            output-ext="">@if [ ! -d $(MkdirParam) ]; then mkdir -p $(MkdirParam); fi</tool>
        <tool
            name="exe-linker-tool"
            output-ext="">
@echo \##!/bin/bash>$(TargetFullName).sh
@echo 'export PATH=`echo $$$$PWD`:$$$$PATH'>>$(TargetFullName).sh
@echo 'export LD_LIBRARY_PATH=`echo $$$$PWD`:$$$$LD_LIBRARY_PATH'>>$(TargetFullName).sh
@echo $(TargetFileName)>>$(TargetFullName).sh
@chmod 777 $(TargetFullName).sh
$(CPP) $(LINKFLAGS) $(LNKOPTLIBPATH:$(LIBPATH)) #(MBS_EXT_LINKER_OPTIONS) -o$(TargetFullName) $(ObjectFiles) $(LNKOPTLIB:$(LIBS))
            </tool>
        <tool
            name="dll-linker-tool"
            output-prefix="lib"
            output-ext=".so">$(CPP) -shared $(LINKFLAGS) $(LNKOPTLIBPATH:$(LIBPATH)) #(MBS_EXT_LINKER_OPTIONS) -o$(TargetFullName) $(ObjectFiles) $(LNKOPTLIB:$(LIBS))
            </tool>
        <tool
            name="lib-linker-tool"
            output-prefix="lib"
            output-ext=".a">ar rcs $(TargetFullName) $(ObjectFiles)
            </tool>
        <tool
            name="c-dependency-tool"
            output-ext=".o">@$(CC) $(COMMONCFLAGS) $(CCFLAGS)  $(CCEXFLAGS)  $(CCOPTINCPATH:$(CCINC))  $(COMMONCDEF) $(CCDEF) -c $(SourceFullName) -MQ$(ObjectFullName) -M -MF$(ObjectFullName).dep</tool>
        <tool
            name="c-compiler-tool"
            output-ext=".o">$(CC)  $(COMMONCFLAGS) $(CCFLAGS)  $(CCEXFLAGS)  $(CCOPTINCPATH:$(CCINC))  $(COMMONCDEF) $(CCDEF) -c -o$(ObjectFullName) $(SourceFullName)</tool>
        <tool
            name="c++-dependency-tool"
            output-ext=".o">@$(CPP) $(COMMONCFLAGS) $(CPPFLAGS) $(CPPEXFLAGS) $(CPPOPTINCPATH:$(CPPINC)) $(COMMONCDEF) $(CPPDEF) -c $(SourceFullName) -MQ$(ObjectFullName) -M -MF$(ObjectFullName).dep</tool>
        <tool
            name="c++-compiler-tool"
            output-ext=".o">$(CPP)  $(COMMONCFLAGS) $(CPPFLAGS) $(CPPEXFLAGS) $(CPPOPTINCPATH:$(CPPINC)) $(COMMONCDEF) $(CPPDEF) -c -o$(ObjectFullName) $(SourceFullName)</tool>
        <tool 
            name="moc-tool"
            output-ext=".cpp">
            @if [ ! -d $(MOC_OUTPUT_FILE_DIR) ]; then mkdir -p $(MOC_OUTPUT_FILE_DIR); fi
            @moc-qt4 $(MOC_INCLUDES) $(COMMONCDEF) $(MOC_INPUT_FILE) -o $(MOC_OUTPUT_FILE)
            </tool>
        <tool 
            name="uic-tool"
            output-ext=".h">
            @if [ ! -d $(UIC_OUTPUT_FILE_DIR) ]; then mkdir -p $(UIC_OUTPUT_FILE_DIR); fi
            @uic-qt4 $(UIC_INPUT_FILE) -o $(UIC_OUTPUT_FILE)
            </tool>
    </toolset>


    <toolset
        name="gcc-4"
        platform="linux:bm2k;freebsd:bm2k;linux:bm3k;linux;freebsd;linux-x86">
        <tool
            name="echo"
            output-ext="">@echo $(Message)</tool>
        <tool
            name="make"
            output-ext="">$(MAKE) $(ProjectRelativePath?+-C $(ProjectRelativePath) )-f $(ProjectFileExt) $*</tool>
        <tool
            name="shell-call"
            output-ext="">if [ -x $(ShellCallParam) ]; then . $(ShellCallParam); fi</tool>
        <tool
            name="mkdir"
            output-ext="">@if [ ! -d $(MkdirParam) ]; then mkdir -p $(MkdirParam); fi</tool>
        <tool
            name="exe-linker-tool"
            output-ext="">
@echo \#!/bin/bash>$(TargetFullName).sh
@echo 'export PATH=`echo $$$$PWD`:$$$$PATH'>>$(TargetFullName).sh
@echo 'export LD_LIBRARY_PATH=`echo $$$$PWD`:$$$$LD_LIBRARY_PATH'>>$(TargetFullName).sh
@echo $(TargetFileName)>>$(TargetFullName).sh
@chmod 777 $(TargetFullName).sh
$(CPP) $(LINKFLAGS) $(LNKOPTLIBPATH:$(LIBPATH)) #(MBS_EXT_LINKER_OPTIONS) -o$(TargetFullName) $(ObjectFiles) $(LNKOPTLIB:$(LIBS))
            </tool>
        <tool
            name="dll-linker-tool"
            output-prefix="lib"
            output-ext=".so">$(CPP) -shared $(LINKFLAGS) $(LNKOPTLIBPATH:$(LIBPATH)) #(MBS_EXT_LINKER_OPTIONS) -o$(TargetFullName) $(ObjectFiles) $(LNKOPTLIB:$(LIBS))
            </tool>
        <tool
            name="lib-linker-tool"
            output-prefix="lib"
            output-ext=".a">ar rcs $(TargetFullName) $(ObjectFiles)
            </tool>
        <tool
            name="c-dependency-tool"
            output-ext=".o">@$(CC) $(COMMONCFLAGS) $(CCFLAGS)  $(CCEXFLAGS)  $(CCOPTINCPATH:$(CCINC))  $(COMMONCDEF) $(CCDEF) -c $(SourceFullName) -MQ$(ObjectFullName) -M -MF$(ObjectFullName).dep</tool>
        <tool
            name="c-compiler-tool"
            output-ext=".o">$(CC)  $(COMMONCFLAGS) $(CCFLAGS)  $(CCEXFLAGS)  $(CCOPTINCPATH:$(CCINC))  $(COMMONCDEF) $(CCDEF) -c -o$(ObjectFullName) $(SourceFullName)</tool>
        <tool
            name="c++-dependency-tool"
            output-ext=".o">@$(CPP) $(COMMONCFLAGS) $(CPPFLAGS) $(CPPEXFLAGS) $(CPPOPTINCPATH:$(CPPINC)) $(COMMONCDEF) $(CPPDEF) -c $(SourceFullName) -MQ$(ObjectFullName) -M -MF$(ObjectFullName).dep</tool>
        <tool
            name="c++-compiler-tool"
            output-ext=".o">$(CPP)  $(COMMONCFLAGS) $(CPPFLAGS) $(CPPEXFLAGS) $(CPPOPTINCPATH:$(CPPINC)) $(COMMONCDEF) $(CPPDEF) -c -o$(ObjectFullName) $(SourceFullName)</tool>
        <tool 
            name="moc-tool"
            output-ext=".cpp">
            @if [ ! -d $(MOC_OUTPUT_FILE_DIR) ]; then mkdir -p $(MOC_OUTPUT_FILE_DIR); fi
            @moc-qt4 $(MOC_INCLUDES) $(COMMONCDEF) $(MOC_INPUT_FILE) -o $(MOC_OUTPUT_FILE)
            </tool>
        <tool 
            name="uic-tool"
            output-ext=".h">
            @if [ ! -d $(UIC_OUTPUT_FILE_DIR) ]; then mkdir -p $(UIC_OUTPUT_FILE_DIR); fi
            @uic-qt4 $(UIC_INPUT_FILE) -o $(UIC_OUTPUT_FILE)
            </tool>
    </toolset>

    <toolset
        name="arm-cs-linux-gcc"
        platform="cs_linux:linux-arm"><!-- linux:linux-arm -->
        <tool
            name="echo"
            output-ext="">@echo $(Message)</tool>
        <tool
            name="make"
            output-ext="">$(MAKE) $(ProjectRelativePath?+-C $(ProjectRelativePath) )-f $(ProjectFileExt) $*</tool>
        <tool
            name="shell-call"
            output-ext="">if [ -x $(ShellCallParam) ]; then . $(ShellCallParam); fi</tool>
        <tool
            name="mkdir"
            output-ext="">@if [ ! -d $(MkdirParam) ]; then mkdir -p $(MkdirParam); fi</tool>
        <tool
            name="exe-linker-tool"
            output-ext="">
@echo \#!/bin/bash>$(TargetFullName).sh
@echo 'export PATH=`echo $$$$PWD`:$$$$PATH'>>$(TargetFullName).sh
@echo 'export LD_LIBRARY_PATH=`echo $$$$PWD`:$$$$LD_LIBRARY_PATH'>>$(TargetFullName).sh
@echo $(TargetFileName)>>$(TargetFullName).sh
@chmod 777 $(TargetFullName).sh
$(CPP) $(LINKFLAGS) $(LNKOPTLIBPATH:$(LIBPATH)) #(MBS_EXT_LINKER_OPTIONS) -o$(TargetFullName) $(ObjectFiles) $(LNKOPTLIB:$(LIBS))
            </tool>
        <tool
            name="dll-linker-tool"
            output-prefix="lib"
            output-ext=".so">$(CPP) -shared $(LINKFLAGS) $(LNKOPTLIBPATH:$(LIBPATH)) #(MBS_EXT_LINKER_OPTIONS) -o$(TargetFullName) $(ObjectFiles) $(LNKOPTLIB:$(LIBS))
            </tool>
        <tool
            name="lib-linker-tool"
            output-prefix="lib"
            output-ext=".a">ar rcs $(TargetFullName) $(ObjectFiles)
            </tool>
        <tool
            name="c-dependency-tool"
            output-ext=".o">@$(CC) $(COMMONCFLAGS) $(CCFLAGS)  $(CCEXFLAGS)  $(CCOPTINCPATH:$(CCINC))  $(COMMONCDEF) $(CCDEF) -c $(SourceFullName) -MQ$(ObjectFullName) -M -MF$(ObjectFullName).dep</tool>
        <tool
            name="c-compiler-tool"
            output-ext=".o">$(CC)  $(COMMONCFLAGS) $(CCFLAGS)  $(CCEXFLAGS)  $(CCOPTINCPATH:$(CCINC))  $(COMMONCDEF) $(CCDEF) -c -o$(ObjectFullName) $(SourceFullName)</tool>
        <tool
            name="c++-dependency-tool"
            output-ext=".o">@$(CPP) $(COMMONCFLAGS) $(CPPFLAGS) $(CPPEXFLAGS) $(CPPOPTINCPATH:$(CPPINC)) $(COMMONCDEF) $(CPPDEF) -c $(SourceFullName) -MQ$(ObjectFullName) -M -MF$(ObjectFullName).dep</tool>
        <tool
            name="c++-compiler-tool"
            output-ext=".o">$(CPP)  $(COMMONCFLAGS) $(CPPFLAGS) $(CPPEXFLAGS) $(CPPOPTINCPATH:$(CPPINC)) $(COMMONCDEF) $(CPPDEF) -c -o$(ObjectFullName) $(SourceFullName)</tool>
        <tool 
            name="moc-tool"
            output-ext=".cpp">
            @if [ ! -d $(MOC_OUTPUT_FILE_DIR) ]; then mkdir -p $(MOC_OUTPUT_FILE_DIR); fi
            @moc-qt4 $(MOC_INCLUDES) $(COMMONCDEF) $(MOC_INPUT_FILE) -o $(MOC_OUTPUT_FILE)
            </tool>
        <tool 
            name="uic-tool"
            output-ext=".h">
            @if [ ! -d $(UIC_OUTPUT_FILE_DIR) ]; then mkdir -p $(UIC_OUTPUT_FILE_DIR); fi
            @uic-qt4 $(UIC_INPUT_FILE) -o $(UIC_OUTPUT_FILE)
            </tool>
    </toolset>

    <toolset
        name="arm-andk-linux-gcc44"
        platform="andk_linux_gcc44:android-arm"><!-- linux:linux-arm -->
        <tool
            name="echo"
            output-ext="">@echo $(Message)</tool>
        <tool
            name="make"
            output-ext="">$(MAKE) $(ProjectRelativePath?+-C $(ProjectRelativePath) )-f $(ProjectFileExt) $*</tool>
        <tool
            name="shell-call"
            output-ext="">if [ -x $(ShellCallParam) ]; then . $(ShellCallParam); fi</tool>
        <tool
            name="mkdir"
            output-ext="">@if [ ! -d $(MkdirParam) ]; then mkdir -p $(MkdirParam); fi</tool>
        <tool
            name="exe-linker-tool"
            output-ext="">
@echo \#!/bin/bash>$(TargetFullName).sh
@echo 'export PATH=`echo $$$$PWD`:$$$$PATH'>>$(TargetFullName).sh
@echo 'export LD_LIBRARY_PATH=`echo $$$$PWD`:$$$$LD_LIBRARY_PATH'>>$(TargetFullName).sh
@echo $(TargetFileName)>>$(TargetFullName).sh
@chmod 777 $(TargetFullName).sh
$(CPP) $(LINKFLAGS) $(LNKOPTLIBPATH:$(LIBPATH)) #(MBS_EXT_LINKER_OPTIONS) -o$(TargetFullName) $(ObjectFiles) $(LNKOPTLIB:$(LIBS))
            </tool>
        <tool
            name="dll-linker-tool"
            output-prefix="lib"
            output-ext=".so">$(CPP) -shared $(LINKFLAGS) $(LNKOPTLIBPATH:$(LIBPATH)) #(MBS_EXT_LINKER_OPTIONS) -o$(TargetFullName) $(ObjectFiles) $(LNKOPTLIB:$(LIBS))
            </tool>
        <tool
            name="lib-linker-tool"
            output-prefix="lib"
            output-ext=".a">ar rcs $(TargetFullName) $(ObjectFiles)
            </tool>
        <tool
            name="c-dependency-tool"
            output-ext=".o">@$(CC) $(COMMONCFLAGS) $(CCFLAGS)  $(CCEXFLAGS)  $(CCOPTINCPATH:$(CCINC))  $(COMMONCDEF) $(CCDEF) -c $(SourceFullName) -MQ$(ObjectFullName) -M -MF$(ObjectFullName).dep</tool>
        <tool
            name="c-compiler-tool"
            output-ext=".o">$(CC)  $(COMMONCFLAGS) $(CCFLAGS)  $(CCEXFLAGS)  $(CCOPTINCPATH:$(CCINC))  $(COMMONCDEF) $(CCDEF) -c -o$(ObjectFullName) $(SourceFullName)</tool>
        <tool
            name="c++-dependency-tool"
            output-ext=".o">@$(CPP) $(COMMONCFLAGS) $(CPPFLAGS) $(CPPEXFLAGS) $(CPPOPTINCPATH:$(CPPINC)) $(COMMONCDEF) $(CPPDEF) -c $(SourceFullName) -MQ$(ObjectFullName) -M -MF$(ObjectFullName).dep</tool>
        <tool
            name="c++-compiler-tool"
            output-ext=".o">$(CPP)  $(COMMONCFLAGS) $(CPPFLAGS) $(CPPEXFLAGS) $(CPPOPTINCPATH:$(CPPINC)) $(COMMONCDEF) $(CPPDEF) -c -o$(ObjectFullName) $(SourceFullName)</tool>
        <tool 
            name="moc-tool"
            output-ext=".cpp">
            @if [ ! -d $(MOC_OUTPUT_FILE_DIR) ]; then mkdir -p $(MOC_OUTPUT_FILE_DIR); fi
            @moc-qt4 $(MOC_INCLUDES) $(COMMONCDEF) $(MOC_INPUT_FILE) -o $(MOC_OUTPUT_FILE)
            </tool>
        <tool 
            name="uic-tool"
            output-ext=".h">
            @if [ ! -d $(UIC_OUTPUT_FILE_DIR) ]; then mkdir -p $(UIC_OUTPUT_FILE_DIR); fi
            @uic-qt4 $(UIC_INPUT_FILE) -o $(UIC_OUTPUT_FILE)
            </tool>
    </toolset>


    <toolset
        name="arm-andk-linux-gcc46"
        platform="andk_linux_gcc46:android-arm"><!-- linux:linux-arm -->
        <tool
            name="echo"
            output-ext="">@echo $(Message)</tool>
        <tool
            name="make"
            output-ext="">$(MAKE) $(ProjectRelativePath?+-C $(ProjectRelativePath) )-f $(ProjectFileExt) $*</tool>
        <tool
            name="shell-call"
            output-ext="">if [ -x $(ShellCallParam) ]; then . $(ShellCallParam); fi</tool>
        <tool
            name="mkdir"
            output-ext="">@if [ ! -d $(MkdirParam) ]; then mkdir -p $(MkdirParam); fi</tool>
        <tool
            name="exe-linker-tool"
            output-ext="">
@echo \#!/bin/bash>$(TargetFullName).sh
@echo 'export PATH=`echo $$$$PWD`:$$$$PATH'>>$(TargetFullName).sh
@echo 'export LD_LIBRARY_PATH=`echo $$$$PWD`:$$$$LD_LIBRARY_PATH'>>$(TargetFullName).sh
@echo $(TargetFileName)>>$(TargetFullName).sh
@chmod 777 $(TargetFullName).sh
$(CPP) $(LINKFLAGS) $(LNKOPTLIBPATH:$(LIBPATH)) #(MBS_EXT_LINKER_OPTIONS) -o$(TargetFullName) $(ObjectFiles) $(LNKOPTLIB:$(LIBS))
            </tool>
        <tool
            name="dll-linker-tool"
            output-prefix="lib"
            output-ext=".so">$(CPP) -shared $(LINKFLAGS) $(LNKOPTLIBPATH:$(LIBPATH)) #(MBS_EXT_LINKER_OPTIONS) -o$(TargetFullName) $(ObjectFiles) $(LNKOPTLIB:$(LIBS))
            </tool>
        <tool
            name="lib-linker-tool"
            output-prefix="lib"
            output-ext=".a">ar rcs $(TargetFullName) $(ObjectFiles)
            </tool>
        <tool
            name="c-dependency-tool"
            output-ext=".o">@$(CC) $(COMMONCFLAGS) $(CCFLAGS)  $(CCEXFLAGS)  $(CCOPTINCPATH:$(CCINC))  $(COMMONCDEF) $(CCDEF) -c $(SourceFullName) -MQ$(ObjectFullName) -M -MF$(ObjectFullName).dep</tool>
        <tool
            name="c-compiler-tool"
            output-ext=".o">$(CC)  $(COMMONCFLAGS) $(CCFLAGS)  $(CCEXFLAGS)  $(CCOPTINCPATH:$(CCINC))  $(COMMONCDEF) $(CCDEF) -c -o$(ObjectFullName) $(SourceFullName)</tool>
        <tool
            name="c++-dependency-tool"
            output-ext=".o">@$(CPP) $(COMMONCFLAGS) $(CPPFLAGS) $(CPPEXFLAGS) $(CPPOPTINCPATH:$(CPPINC)) $(COMMONCDEF) $(CPPDEF) -c $(SourceFullName) -MQ$(ObjectFullName) -M -MF$(ObjectFullName).dep</tool>
        <tool
            name="c++-compiler-tool"
            output-ext=".o">$(CPP)  $(COMMONCFLAGS) $(CPPFLAGS) $(CPPEXFLAGS) $(CPPOPTINCPATH:$(CPPINC)) $(COMMONCDEF) $(CPPDEF) -c -o$(ObjectFullName) $(SourceFullName)</tool>
        <tool 
            name="moc-tool"
            output-ext=".cpp">
            @if [ ! -d $(MOC_OUTPUT_FILE_DIR) ]; then mkdir -p $(MOC_OUTPUT_FILE_DIR); fi
            @moc-qt4 $(MOC_INCLUDES) $(COMMONCDEF) $(MOC_INPUT_FILE) -o $(MOC_OUTPUT_FILE)
            </tool>
        <tool 
            name="uic-tool"
            output-ext=".h">
            @if [ ! -d $(UIC_OUTPUT_FILE_DIR) ]; then mkdir -p $(UIC_OUTPUT_FILE_DIR); fi
            @uic-qt4 $(UIC_INPUT_FILE) -o $(UIC_OUTPUT_FILE)
            </tool>
    </toolset>



    <toolset
        name="mingw-gcc"
        platform="mingw:win32;mingw">
        <tool
            name="echo"
            output-ext="">@echo $(Message)</tool>
        <tool
            name="make"
            output-ext="">$(MAKE) $(ProjectRelativePath?+-C $(ProjectRelativePath) )-f $(ProjectFileExt) %*</tool>
        <tool
            name="shell-call"
            output-ext="">if exist $(ShellCallParam) call $(ShellCallParam)</tool>
        <tool
            name="mkdir"
            output-ext="">@if not exist $(MkdirParam) mkdir $(MkdirParam)</tool>
        <tool
            name="exe-linker-tool"
            output-ext=".exe">
<!-- @echo \#!/bin/bash>$(TargetFullName).sh
@echo 'export PATH=`echo #PWD`:#PATH'>>$(TargetFullName).sh
@echo 'export LD_LIBRARY_PATH=`echo #PWD`:#LD_LIBRARY_PATH'>>$(TargetFullName).sh
@echo $(TargetFileName)>>$(TargetFullName).sh -->
$(CPP) $(LNK_ENABLE_STDCALL_FIXUP) $(LINKFLAGS) $(LNKOPTLIBPATH:$(LIBPATH)) #(MBS_EXT_LINKER_OPTIONS) -o$(TargetFullName) $(ObjectFiles) $(LNKOPTLIB:$(LIBS))
</tool>
        <tool
            name="dll-linker-tool"
            output-ext=".dll">
<!-- First step: create temp dll with decorated names, and create def file for it -->
$(CPP) -shared $(LNK_ENABLE_STDCALL_FIXUP) $(LINKFLAGS) $(LNKOPTLIBPATH:$(LIBPATH)) #(MBS_EXT_LINKER_OPTIONS) -o$(TargetFullName) $(ModuleDefinitionFile?*$(ModuleDefinitionFile)) -Wl,--output-def,$(TargetPath)\$(TargetName).def $(ObjectFiles) $(LNKOPTLIB:$(LIBS))
<!-- Second step: create import library for dll -->
dlltool --dllname $(TargetFullName) --compat-implib --kill-at --output-lib $(TargetPath)\lib$(TargetName).a --input-def $(TargetPath)\$(TargetName).def
<!-- First step: create final version of dll where decorated names stripped (with -Wl,- -kill-at option) -->
$(CPP) -shared -Wl,--kill-at $(LNK_ENABLE_STDCALL_FIXUP) $(LINKFLAGS) $(LNKOPTLIBPATH:$(LIBPATH)) #(MBS_EXT_LINKER_OPTIONS) -o$(TargetFullName) $(ModuleDefinitionFile?*$(ModuleDefinitionFile)) $(ObjectFiles) $(LNKOPTLIB:$(LIBS))
<!--
dllwrap - -dllname $(TargetFullName) - -output-def $(TargetPath)\$(TargetName).def $(ObjectFiles) $(LNKOPTLIB:$(LIBS))
mingw32-g++ -Wl,- -kill-at -shared $(LINKFLAGS) #(MBS_EXT_LINKER_OPTIONS) -o$(TargetFullName) $(ModuleDefinitionFile?*$(ModuleDefinitionFile)) $(ObjectFiles) $(LNKOPTLIB:$(LIBS)) 
mingw32-g++ -shared $(LINKFLAGS) #(MBS_EXT_LINKER_OPTIONS) -o$(TargetFullName) -Wl,- -out-implib,$(TargetPath)\lib$(TargetName).a $(ModuleDefinitionFile?*$(ModuleDefinitionFile)) $(ObjectFiles) $(LNKOPTLIB:$(LIBS)) 
dlltool - -kill-at $(ModuleDefinitionFile?*- -input-def $(ModuleDefinitionFile)) - -output-lib $(TargetPath)\lib$(TargetName).a 
dlltool - -kill-at $(ModuleDefinitionFile?*- -input-def $(ModuleDefinitionFile)) - -output-lib $(TargetPath)\lib$(TargetName).lib
dlltool - -kill-at $(ModuleDefinitionFile?*- -input-def $(ModuleDefinitionFile)) - -output-lib $(TargetPath)\$(TargetName).lib
dlltool - -kill-at $(ModuleDefinitionFile?*- -input-def $(ModuleDefinitionFile)) - -output-lib $(TargetPath)\$(TargetName).a
-->
<!--
-Wl,- -out-implib,$(TargetPath)\lib$(TargetName).a
add option -U
This will prefix all symbols in the import library with an underscore '_' 
add option -k
This removes @<n> from the exported names but their calling convention remains stdcall. 
add option -A
This adds an alias for all stdcall entries but without the @<n>, i.e. you get both the undecorated names (as with -k) and the decorated names. 
-Wl,- -out-implib,libexample_dll.a
-->
<!-- dlltool $(ModuleDefinitionFile?* - -input-def $(ModuleDefinitionFile)) - -dllname $(TargetFullName) - -output-lib $(TargetPathName).lib - -kill-at --> 
            </tool>
        <tool
            name="lib-linker-tool"
            output-ext=".a">ar rcs $(TargetFullName) $(ObjectFiles)
            </tool>
        <tool
            name="c-dependency-tool"
            output-ext=".o">@$(CC) $(COMMONCFLAGS) $(CCFLAGS)  $(CCEXFLAGS)  $(CCOPTINCPATH:$(CCINC))  $(COMMONCDEF) $(CCDEF) -c $(SourceFullName) -MQ$(ObjectFullName) -M -MF$(ObjectFullName).dep</tool>
        <tool
            name="c-compiler-tool"
            output-ext=".o">$(CC)  $(COMMONCFLAGS) $(CCFLAGS)  $(CCEXFLAGS)  $(CCOPTINCPATH:$(CCINC))  $(COMMONCDEF) $(CCDEF) -c -o$(ObjectFullName) $(SourceFullName)</tool>
        <tool
            name="c++-dependency-tool"
            output-ext=".o">@$(CPP) $(COMMONCFLAGS) $(CPPFLAGS) $(CPPEXFLAGS) $(CPPOPTINCPATH:$(CPPINC)) $(COMMONCDEF) $(CPPDEF) -c $(SourceFullName) -MQ$(ObjectFullName) -M -MF$(ObjectFullName).dep</tool>
        <tool
            name="c++-compiler-tool"
            output-ext=".o">$(CPP)  $(COMMONCFLAGS) $(CPPFLAGS) $(CPPEXFLAGS) $(CPPOPTINCPATH:$(CPPINC)) $(COMMONCDEF) $(CPPDEF) -c -o$(ObjectFullName) $(SourceFullName)</tool>
        <tool 
            name="moc-tool"
            output-ext=".cpp">
            @cmd /C if not exist $(MOC_OUTPUT_FILE_DIR) mkdir $(MOC_OUTPUT_FILE_DIR)
            @moc $(MOC_INCLUDES) $(COMMONCDEF) $(MOC_INPUT_FILE) -o $(MOC_OUTPUT_FILE)
            </tool>
        <tool 
            name="uic-tool"
            output-ext=".h">
            @cmd /C if not exist $(UIC_OUTPUT_FILE_DIR) mkdir $(UIC_OUTPUT_FILE_DIR)
            @uic $(UIC_INPUT_FILE) -o $(UIC_OUTPUT_FILE)
            </tool>
    </toolset>

    <toolset
        name="arm-cs-win32-gcc"
        platform="cs_win32:linux-arm"> <!-- mingw:linux-arm -->
        <tool
            name="echo"
            output-ext="">@echo $(Message)</tool>
        <tool
            name="make"
            output-ext="">$(MAKE) $(ProjectRelativePath?+-C $(ProjectRelativePath) )-f $(ProjectFileExt) %*</tool>
        <tool
            name="shell-call"
            output-ext="">if exist $(ShellCallParam) call $(ShellCallParam)</tool>
        <tool
            name="mkdir"
            output-ext="">@if not exist $(MkdirParam) mkdir $(MkdirParam)</tool>
        <tool
            name="exe-linker-tool"
            output-ext="">
<!-- @echo \#!/bin/bash>$(TargetFullName).sh
@echo 'export PATH=`echo #PWD`:#PATH'>>$(TargetFullName).sh
@echo 'export LD_LIBRARY_PATH=`echo #PWD`:#LD_LIBRARY_PATH'>>$(TargetFullName).sh
@echo $(TargetFileName)>>$(TargetFullName).sh -->
$(CPP) $(LNK_ENABLE_STDCALL_FIXUP) $(LINKFLAGS) $(LNKOPTLIBPATH:$(LIBPATH)) #(MBS_EXT_LINKER_OPTIONS) -o$(TargetFullName) $(ObjectFiles) $(LNKOPTLIB:$(LIBS))
</tool>
        <tool
            name="dll-linker-tool"
            output-prefix="lib"
            output-ext=".so">
$(CPP) -shared $(LINKFLAGS) $(LNKOPTLIBPATH:$(LIBPATH)) #(MBS_EXT_LINKER_OPTIONS) -o$(TargetFullName) $(ObjectFiles) $(LNKOPTLIB:$(LIBS))
            </tool>
        <tool
            name="lib-linker-tool"
            output-ext=".a">ar rcs $(TargetFullName) $(ObjectFiles)
            </tool>
        <tool
            name="c-dependency-tool"
            output-ext=".o">@$(CC) $(COMMONCFLAGS) $(CCFLAGS)  $(CCEXFLAGS)  $(CCOPTINCPATH:$(CCINC))  $(COMMONCDEF) $(CCDEF) -c $(SourceFullName) -MQ$(ObjectFullName) -M -MF$(ObjectFullName).dep</tool>
        <tool
            name="c-compiler-tool"
            output-ext=".o">$(CC)  $(COMMONCFLAGS) $(CCFLAGS)  $(CCEXFLAGS)  $(CCOPTINCPATH:$(CCINC))  $(COMMONCDEF) $(CCDEF) -c -o$(ObjectFullName) $(SourceFullName)</tool>
        <tool
            name="c++-dependency-tool"
            output-ext=".o">@$(CPP) $(COMMONCFLAGS) $(CPPFLAGS) $(CPPEXFLAGS) $(CPPOPTINCPATH:$(CPPINC)) $(COMMONCDEF) $(CPPDEF) -c $(SourceFullName) -MQ$(ObjectFullName) -M -MF$(ObjectFullName).dep</tool>
        <tool
            name="c++-compiler-tool"
            output-ext=".o">$(CPP)  $(COMMONCFLAGS) $(CPPFLAGS) $(CPPEXFLAGS) $(CPPOPTINCPATH:$(CPPINC)) $(COMMONCDEF) $(CPPDEF) -c -o$(ObjectFullName) $(SourceFullName)</tool>
        <tool 
            name="moc-tool"
            output-ext=".cpp">
            @cmd /C if not exist $(MOC_OUTPUT_FILE_DIR) mkdir $(MOC_OUTPUT_FILE_DIR)
            @moc $(MOC_INCLUDES) $(COMMONCDEF) $(MOC_INPUT_FILE) -o $(MOC_OUTPUT_FILE)
            </tool>
        <tool 
            name="uic-tool"
            output-ext=".h">
            @cmd /C if not exist $(UIC_OUTPUT_FILE_DIR) mkdir $(UIC_OUTPUT_FILE_DIR)
            @uic $(UIC_INPUT_FILE) -o $(UIC_OUTPUT_FILE)
            </tool>
    </toolset>



    <toolset
        name="arm-andk-win32-gcc44"
        platform="andk_win32_gcc44:android-arm"> <!-- mingw:linux-arm -->
        <tool
            name="echo"
            output-ext="">@echo $(Message)</tool>
        <tool
            name="make"
            output-ext="">$(MAKE) $(ProjectRelativePath?+-C $(ProjectRelativePath) )-f $(ProjectFileExt) %*</tool>
        <tool
            name="shell-call"
            output-ext="">if exist $(ShellCallParam) call $(ShellCallParam)</tool>
        <tool
            name="mkdir"
            output-ext="">@if not exist $(MkdirParam) mkdir $(MkdirParam)</tool>
        <tool
            name="exe-linker-tool"
            output-ext="">
<!-- @echo \#!/bin/bash>$(TargetFullName).sh
@echo 'export PATH=`echo #PWD`:#PATH'>>$(TargetFullName).sh
@echo 'export LD_LIBRARY_PATH=`echo #PWD`:#LD_LIBRARY_PATH'>>$(TargetFullName).sh
@echo $(TargetFileName)>>$(TargetFullName).sh -->
$(CPP) $(LNK_ENABLE_STDCALL_FIXUP) $(LINKFLAGS) $(LNKOPTLIBPATH:$(LIBPATH)) #(MBS_EXT_LINKER_OPTIONS) -o$(TargetFullName) $(ObjectFiles) $(LNKOPTLIB:$(LIBS))
</tool>
        <tool
            name="dll-linker-tool"
            output-prefix="lib"
            output-ext=".so">
$(CPP) -shared $(LINKFLAGS) $(LNKOPTLIBPATH:$(LIBPATH)) #(MBS_EXT_LINKER_OPTIONS) -o$(TargetFullName) $(ObjectFiles) $(LNKOPTLIB:$(LIBS))
            </tool>
        <tool
            name="lib-linker-tool"
            output-ext=".a">ar rcs $(TargetFullName) $(ObjectFiles)
            </tool>
        <tool
            name="c-dependency-tool"
            output-ext=".o">@$(CC) $(COMMONCFLAGS) $(CCFLAGS)  $(CCEXFLAGS)  $(CCOPTINCPATH:$(CCINC))  $(COMMONCDEF) $(CCDEF) -c $(SourceFullName) -MQ$(ObjectFullName) -M -MF$(ObjectFullName).dep</tool>
        <tool
            name="c-compiler-tool"
            output-ext=".o">$(CC)  $(COMMONCFLAGS) $(CCFLAGS)  $(CCEXFLAGS)  $(CCOPTINCPATH:$(CCINC))  $(COMMONCDEF) $(CCDEF) -c -o$(ObjectFullName) $(SourceFullName)</tool>
        <tool
            name="c++-dependency-tool"
            output-ext=".o">@$(CPP) $(COMMONCFLAGS) $(CPPFLAGS) $(CPPEXFLAGS) $(CPPOPTINCPATH:$(CPPINC)) $(COMMONCDEF) $(CPPDEF) -c $(SourceFullName) -MQ$(ObjectFullName) -M -MF$(ObjectFullName).dep</tool>
        <tool
            name="c++-compiler-tool"
            output-ext=".o">$(CPP)  $(COMMONCFLAGS) $(CPPFLAGS) $(CPPEXFLAGS) $(CPPOPTINCPATH:$(CPPINC)) $(COMMONCDEF) $(CPPDEF) -c -o$(ObjectFullName) $(SourceFullName)</tool>
        <tool 
            name="moc-tool"
            output-ext=".cpp">
            @cmd /C if not exist $(MOC_OUTPUT_FILE_DIR) mkdir $(MOC_OUTPUT_FILE_DIR)
            @moc $(MOC_INCLUDES) $(COMMONCDEF) $(MOC_INPUT_FILE) -o $(MOC_OUTPUT_FILE)
            </tool>
        <tool 
            name="uic-tool"
            output-ext=".h">
            @cmd /C if not exist $(UIC_OUTPUT_FILE_DIR) mkdir $(UIC_OUTPUT_FILE_DIR)
            @uic $(UIC_INPUT_FILE) -o $(UIC_OUTPUT_FILE)
            </tool>
    </toolset>


    <toolset
        name="arm-andk-win32-gcc46"
        platform="andk_win32_gcc46:android-arm"> <!-- mingw:linux-arm -->
        <tool
            name="echo"
            output-ext="">@echo $(Message)</tool>
        <tool
            name="make"
            output-ext="">$(MAKE) $(ProjectRelativePath?+-C $(ProjectRelativePath) )-f $(ProjectFileExt) %*</tool>
        <tool
            name="shell-call"
            output-ext="">if exist $(ShellCallParam) call $(ShellCallParam)</tool>
        <tool
            name="mkdir"
            output-ext="">@if not exist $(MkdirParam) mkdir $(MkdirParam)</tool>
        <tool
            name="exe-linker-tool"
            output-ext="">
<!-- @echo \#!/bin/bash>$(TargetFullName).sh
@echo 'export PATH=`echo #PWD`:#PATH'>>$(TargetFullName).sh
@echo 'export LD_LIBRARY_PATH=`echo #PWD`:#LD_LIBRARY_PATH'>>$(TargetFullName).sh
@echo $(TargetFileName)>>$(TargetFullName).sh -->
$(CPP) $(LNK_ENABLE_STDCALL_FIXUP) $(LINKFLAGS) $(LNKOPTLIBPATH:$(LIBPATH)) #(MBS_EXT_LINKER_OPTIONS) -o$(TargetFullName) $(ObjectFiles) $(LNKOPTLIB:$(LIBS))
</tool>
        <tool
            name="dll-linker-tool"
            output-prefix="lib"
            output-ext=".so">
$(CPP) -shared $(LINKFLAGS) $(LNKOPTLIBPATH:$(LIBPATH)) #(MBS_EXT_LINKER_OPTIONS) -o$(TargetFullName) $(ObjectFiles) $(LNKOPTLIB:$(LIBS))
            </tool>
        <tool
            name="lib-linker-tool"
            output-ext=".a">ar rcs $(TargetFullName) $(ObjectFiles)
            </tool>
        <tool
            name="c-dependency-tool"
            output-ext=".o">@$(CC) $(COMMONCFLAGS) $(CCFLAGS)  $(CCEXFLAGS)  $(CCOPTINCPATH:$(CCINC))  $(COMMONCDEF) $(CCDEF) -c $(SourceFullName) -MQ$(ObjectFullName) -M -MF$(ObjectFullName).dep</tool>
        <tool
            name="c-compiler-tool"
            output-ext=".o">$(CC)  $(COMMONCFLAGS) $(CCFLAGS)  $(CCEXFLAGS)  $(CCOPTINCPATH:$(CCINC))  $(COMMONCDEF) $(CCDEF) -c -o$(ObjectFullName) $(SourceFullName)</tool>
        <tool
            name="c++-dependency-tool"
            output-ext=".o">@$(CPP) $(COMMONCFLAGS) $(CPPFLAGS) $(CPPEXFLAGS) $(CPPOPTINCPATH:$(CPPINC)) $(COMMONCDEF) $(CPPDEF) -c $(SourceFullName) -MQ$(ObjectFullName) -M -MF$(ObjectFullName).dep</tool>
        <tool
            name="c++-compiler-tool"
            output-ext=".o">$(CPP)  $(COMMONCFLAGS) $(CPPFLAGS) $(CPPEXFLAGS) $(CPPOPTINCPATH:$(CPPINC)) $(COMMONCDEF) $(CPPDEF) -c -o$(ObjectFullName) $(SourceFullName)</tool>
        <tool 
            name="moc-tool"
            output-ext=".cpp">
            @cmd /C if not exist $(MOC_OUTPUT_FILE_DIR) mkdir $(MOC_OUTPUT_FILE_DIR)
            @moc $(MOC_INCLUDES) $(COMMONCDEF) $(MOC_INPUT_FILE) -o $(MOC_OUTPUT_FILE)
            </tool>
        <tool 
            name="uic-tool"
            output-ext=".h">
            @cmd /C if not exist $(UIC_OUTPUT_FILE_DIR) mkdir $(UIC_OUTPUT_FILE_DIR)
            @uic $(UIC_INPUT_FILE) -o $(UIC_OUTPUT_FILE)
            </tool>
    </toolset>


<!-- 
andk-win32,andk-linux
arm-andk-win32-gcc44;arm-andk-win32-gcc46;arm-andk-linux-gcc44;arm-andk-linux-gcc46
-->



    <toolset
        name="mingw-gcc-2_95_3"
        platform="mingw295:win32;mingw:win32;mingw295;mingw">
        <tool
            name="echo"
            output-ext="">@echo $(Message)</tool>
        <tool
            name="make"
            output-ext="">$(MAKE) $(ProjectRelativePath?+-C $(ProjectRelativePath) )-f $(ProjectFileExt) %*</tool>
        <tool
            name="shell-call"
            output-ext="">if exist $(ShellCallParam) call $(ShellCallParam)</tool>
        <tool
            name="mkdir"
            output-ext="">@if not exist $(MkdirParam) mkdir $(MkdirParam)</tool>
        <tool 
            name="exe-linker-tool"
            output-ext=".exe">
<!-- @echo \#!/bin/bash>$(TargetFullName).sh
@echo 'export PATH=`echo #PWD`:#PATH'>>$(TargetFullName).sh
@echo 'export LD_LIBRARY_PATH=`echo #PWD`:#LD_LIBRARY_PATH'>>$(TargetFullName).sh
@echo $(TargetFileName)>>$(TargetFullName).sh -->
$(CPP) $(LNK_ENABLE_STDCALL_FIXUP) $(LINKFLAGS) $(LNKOPTLIBPATH:$(LIBPATH)) #(MBS_EXT_LINKER_OPTIONS) -o$(TargetFullName) $(ObjectFiles) $(LNKOPTLIB:$(LIBS))
</tool>
        <tool
            name="dll-linker-tool"
            output-ext=".dll">
$(CPP) -shared $(LNK_ENABLE_STDCALL_FIXUP) $(LINKFLAGS) $(LNKOPTLIBPATH:$(LIBPATH)) #(MBS_EXT_LINKER_OPTIONS) -o$(TargetFullName) $(ModuleDefinitionFile?*$(ModuleDefinitionFile)) $(ObjectFiles) $(LNKOPTLIB:$(LIBS))
<!--
-Wl,- -out-implib,$(TargetPath)\lib$(TargetName).a
dlltool - -kill-at $(ModuleDefinitionFile?*- -input-def $(ModuleDefinitionFile)) - -output-lib $(TargetPath)\lib$(TargetName).a 
dlltool - -kill-at $(ModuleDefinitionFile?*- -input-def $(ModuleDefinitionFile)) - -output-lib $(TargetPath)\$(TargetName).lib
-Wl,- -out-implib,$(TargetPath)\lib$(TargetName).a 
-->
<!--
-Wl,- -out-implib,$(TargetPath)\lib$(TargetName).a
add option -U
This will prefix all symbols in the import library with an underscore '_' 
add option -k
This removes @<n> from the exported names but their calling convention remains stdcall. 
add option -A
This adds an alias for all stdcall entries but without the @<n>, i.e. you get both the undecorated names (as with -k) and the decorated names. 
-Wl,- -out-implib,libexample_dll.a
-->
<!-- dlltool $(ModuleDefinitionFile?* - -input-def $(ModuleDefinitionFile)) - -dllname $(TargetFullName) - -output-lib $(TargetPathName).lib - -kill-at --> 
            </tool>
        <tool
            name="lib-linker-tool"
            output-ext=".a">ar rcs $(TargetFullName) $(ObjectFiles)
            </tool>
        <tool
            name="c-dependency-tool"
            output-ext=".o">@$(CC) $(COMMONCFLAGS) $(CCFLAGS)  $(CCEXFLAGS)  $(CCOPTINCPATH:$(CCINC))  $(COMMONCDEF) $(CCDEF) -c $(SourceFullName) -MQ$(ObjectFullName) -M -MF$(ObjectFullName).dep</tool>
        <tool
            name="c-compiler-tool"
            output-ext=".o">$(CC)  $(COMMONCFLAGS) $(CCFLAGS)  $(CCEXFLAGS)  $(CCOPTINCPATH:$(CCINC))  $(COMMONCDEF) $(CCDEF) -c -o$(ObjectFullName) $(SourceFullName)</tool>
        <tool
            name="c++-dependency-tool"
            output-ext=".o">@$(CPP) $(COMMONCFLAGS) $(CPPFLAGS) $(CPPEXFLAGS) $(CPPOPTINCPATH:$(CPPINC)) $(COMMONCDEF) $(CPPDEF) -c $(SourceFullName) -MQ$(ObjectFullName) -M -MF$(ObjectFullName).dep</tool>
        <tool
            name="c++-compiler-tool"
            output-ext=".o">$(CPP)  $(COMMONCFLAGS) $(CPPFLAGS) $(CPPEXFLAGS) $(CPPOPTINCPATH:$(CPPINC)) $(COMMONCDEF) $(CPPDEF) -c -o$(ObjectFullName) $(SourceFullName)</tool>
        <tool 
            name="moc-tool"
            output-ext=".cpp">
            @cmd /C if not exist $(MOC_OUTPUT_FILE_DIR) mkdir $(MOC_OUTPUT_FILE_DIR)
            @moc $(MOC_INCLUDES) $(COMMONCDEF) $(MOC_INPUT_FILE) -o $(MOC_OUTPUT_FILE)
            </tool>
        <tool 
            name="uic-tool"
            output-ext=".h">
            @cmd /C if not exist $(UIC_OUTPUT_FILE_DIR) mkdir $(UIC_OUTPUT_FILE_DIR)
            @uic $(UIC_INPUT_FILE) -o $(UIC_OUTPUT_FILE)
            </tool>
    </toolset>

    <toolset
        name="btc"
        platform="linux:bm2k">
        <tool
            name="echo"
            output-ext="">@echo $(Message)</tool>
        <tool
            name="make"
            output-ext="">$(MAKE) $(ProjectRelativePath?+-C $(ProjectRelativePath) )-f $(ProjectFileExt) $*</tool>
        <tool
            name="shell-call"
            output-ext="">if [ -x $(ShellCallParam) ]; then . $(ShellCallParam); fi</tool>
        <tool
            name="mkdir"
            output-ext="">mkdir -p $(MkdirParam)</tool>
        <tool
            name="exe-linker-tool"
            output-ext="">$(CPP) $(LINKFLAGS) $(LNKOPTLIBPATH:$(LIBPATH)) #(MBS_EXT_LINKER_OPTIONS) -o$(TargetFullName) $(ObjectFiles)</tool> $(LNKOPTLIB:$(LIBS))
        <tool
            name="dll-linker-tool"
            output-ext=".so">$(CPP) $(LINKFLAGS) $(LNKOPTLIBPATH:$(LIBPATH)) #(MBS_EXT_LINKER_OPTIONS) -o$(TargetFullName) $(ObjectFiles) $(LNKOPTLIB:$(LIBS))
            </tool>
        <tool
            name="lib-linker-tool"
            output-ext=".a">ar rcs $(TargetFullName) $(ObjectFiles)
            </tool>
        <tool
            name="c-dependency-tool"
            output-ext=".o">@$(CC) $(COMMONCFLAGS) $(CCFLAGS)  $(CCEXFLAGS)  $(CCOPTINCPATH:$(CCINC))    $(COMMONCDEF) $(CCDEF) -c $(SourceFullName) -MQ$(ObjectFullName) -M -MF$(ObjectFullName).dep</tool>
        <tool
            name="c-compiler-tool"
            output-ext=".o">$(CC)  $(COMMONCFLAGS) $(CCFLAGS)  $(CCEXFLAGS)  $(CCOPTINCPATH:$(CCINC))    $(COMMONCDEF) $(CCDEF) -c -o$(ObjectFullName) $(SourceFullName)</tool>
        <tool
            name="c++-dependency-tool"
            output-ext=".o">@$(CPP) $(COMMONCFLAGS) $(CPPFLAGS) $(CPPEXFLAGS) $(CPPOPTINCPATH:$(CPPINC)) $(COMMONCDEF) $(CPPDEF) -c $(SourceFullName) -MQ$(ObjectFullName) -M -MF$(ObjectFullName).dep</tool>
        <tool
            name="c++-compiler-tool"
            output-ext=".o">$(CPP)  $(COMMONCFLAGS) $(CPPFLAGS) $(CPPEXFLAGS) $(CPPOPTINCPATH:$(CPPINC)) $(COMMONCDEF) $(CPPDEF) -c -o$(ObjectFullName) $(SourceFullName)</tool>
    </toolset>
</toolsets>
</mbs-config>