<umba-mm-module-info>

    <options>
      <options-list type="cpp_includes">.</options-list>
    </options>

    <file>
      <file-path>_readme.txt</file-path>
    </file>

    <file>
      <file-path>_defines.txt</file-path>
    </file>

    <file>
      <file-path>_glossary.txt</file-path>
    </file>

    <file>
      <file-path>stm32.h</file-path>
    </file>

    <file>
      <file-path>system_stm32.c</file-path>
    </file>

    <file match-var="Toolchain" match-to="keil-v*/*">
      <file-path>startup_stm32_arm.s</file-path>
    </file>

    <file match-var="Toolchain" match-to="*/gcc-arm-v*">
      <file-path>startup_stm32_gcc.S</file-path>
    </file>


</umba-mm-module-info>