<?xml version="1.0" encoding="UTF-8" ?>
<umba-mm-device-info-set>
    <device>
        <name>MDR1986BE91</name>
        <family>Milandr</family>
        <core>Cortex-M3</core>
        <clock-freq>80000000</clock-freq>
        <flags></flags>
        <defines>USE_MDR32F9Q1_Rev1</defines>
        <additional-defines>MDR1986BE9x</additional-defines>
        <features></features>
        <files>
            <file>
                <name>MDR32Fx.h</name>
                <gathered-name>Libraries\CMSIS\CM3\DeviceSupport\MDR32F9Qx\inc\MDR32Fx.h</gathered-name>
                <group>device</group>
                <type>header</type>
                <language>c</language>
            </file>
            <file>
                <name>startup_MDR32F9Qx.s</name>
                <gathered-name>Libraries\CMSIS\CM3\DeviceSupport\MDR32F9Qx\startup\arm\startup_MDR32F9Qx.s</gathered-name>
                <group>startup</group>
                <type>source</type>
                <language>asm</language>
            </file>
            <file>
                <name>system_MDR32F9Qx.c</name>
                <gathered-name>Libraries\CMSIS\CM3\DeviceSupport\MDR32F9Qx\startup\arm\system_MDR32F9Qx.c</gathered-name>
                <group>system</group>
                <type>source</type>
                <language>c</language>
            </file>
            <file>
                <name>system_MDR32F9Qx.h</name>
                <gathered-name>Libraries\CMSIS\CM3\DeviceSupport\MDR32F9Qx\startup\arm\system_MDR32F9Qx.h</gathered-name>
                <group>system</group>
                <type>header</type>
                <language>c</language>
            </file>
            <file>
                <name>core_cm3.h</name>
                <gathered-name>Libraries\CMSIS\CM3\CoreSupport\core_cm3.h</gathered-name>
                <group>startup</group>
                <type>header</type>
                <language>c</language>
            </file>
            <file>
                <name>MDR32F9Qx_config.h</name>
                <gathered-name>Config\MDR32F9Qx_config.h</gathered-name>
                <group>startup</group>
                <type>header</type>
                <language>c</language>
            </file>
        </files>
    </device>
    <device>
        <name>MDR1986BE92</name>
        <family>Milandr</family>
        <core>Cortex-M3</core>
        <clock-freq>80000000</clock-freq>
        <flags></flags>
        <defines>USE_MDR32F9Q2_Rev1</defines>
        <additional-defines>MDR1986BE9x</additional-defines>
        <features></features>
        <files>
            <file>
                <name>MDR32Fx.h</name>
                <gathered-name>Libraries\CMSIS\CM3\DeviceSupport\MDR32F9Qx\inc\MDR32Fx.h</gathered-name>
                <group>device</group>
                <type>header</type>
                <language>c</language>
            </file>
            <file>
                <name>startup_MDR32F9Qx.s</name>
                <gathered-name>Libraries\CMSIS\CM3\DeviceSupport\MDR32F9Qx\startup\arm\startup_MDR32F9Qx.s</gathered-name>
                <group>startup</group>
                <type>source</type>
                <language>asm</language>
            </file>
            <file>
                <name>system_MDR32F9Qx.c</name>
                <gathered-name>Libraries\CMSIS\CM3\DeviceSupport\MDR32F9Qx\startup\arm\system_MDR32F9Qx.c</gathered-name>
                <group>system</group>
                <type>source</type>
                <language>c</language>
            </file>
            <file>
                <name>system_MDR32F9Qx.h</name>
                <gathered-name>Libraries\CMSIS\CM3\DeviceSupport\MDR32F9Qx\startup\arm\system_MDR32F9Qx.h</gathered-name>
                <group>system</group>
                <type>header</type>
                <language>c</language>
            </file>
            <file>
                <name>core_cm3.h</name>
                <gathered-name>Libraries\CMSIS\CM3\CoreSupport\core_cm3.h</gathered-name>
                <group>startup</group>
                <type>header</type>
                <language>c</language>
            </file>
            <file>
                <name>MDR32F9Qx_config.h</name>
                <gathered-name>Config\MDR32F9Qx_config.h</gathered-name>
                <group>startup</group>
                <type>header</type>
                <language>c</language>
            </file>
        </files>
    </device>
    <device>
        <name>MDR1986BE93</name>
        <family>Milandr</family>
        <core>Cortex-M3</core>
        <clock-freq>80000000</clock-freq>
        <flags></flags>
        <defines>USE_MDR32F9Q3_Rev1</defines>
        <additional-defines>MDR1986BE9x</additional-defines>
        <features></features>
        <files>
            <file>
                <name>MDR32Fx.h</name>
                <gathered-name>Libraries\CMSIS\CM3\DeviceSupport\MDR32F9Qx\inc\MDR32Fx.h</gathered-name>
                <group>device</group>
                <type>header</type>
                <language>c</language>
            </file>
            <file>
                <name>startup_MDR32F9Qx.s</name>
                <gathered-name>Libraries\CMSIS\CM3\DeviceSupport\MDR32F9Qx\startup\arm\startup_MDR32F9Qx.s</gathered-name>
                <group>startup</group>
                <type>source</type>
                <language>asm</language>
            </file>
            <file>
                <name>system_MDR32F9Qx.c</name>
                <gathered-name>Libraries\CMSIS\CM3\DeviceSupport\MDR32F9Qx\startup\arm\system_MDR32F9Qx.c</gathered-name>
                <group>system</group>
                <type>source</type>
                <language>c</language>
            </file>
            <file>
                <name>system_MDR32F9Qx.h</name>
                <gathered-name>Libraries\CMSIS\CM3\DeviceSupport\MDR32F9Qx\startup\arm\system_MDR32F9Qx.h</gathered-name>
                <group>system</group>
                <type>header</type>
                <language>c</language>
            </file>
            <file>
                <name>core_cm3.h</name>
                <gathered-name>Libraries\CMSIS\CM3\CoreSupport\core_cm3.h</gathered-name>
                <group>startup</group>
                <type>header</type>
                <language>c</language>
            </file>
            <file>
                <name>MDR32F9Qx_config.h</name>
                <gathered-name>Config\MDR32F9Qx_config.h</gathered-name>
                <group>startup</group>
                <type>header</type>
                <language>c</language>
            </file>
        </files>
    </device>
    <device>
        <name>MDR1986BE1T</name>
        <family>Milandr</family>
        <core>Cortex-M1</core>
        <clock-freq>144000000</clock-freq>
        <flags></flags>
        <defines>USE_MDR1986VE1T</defines>
        <additional-defines>MDR1986BE1T</additional-defines>
        <features></features>
        <files>
            <file>
                <name>MDR1986VE1T.h</name>
                <gathered-name>Libraries\CMSIS\CM1\DeviceSupport\MDR1986VE1T\inc\MDR1986VE1T.h</gathered-name>
                <group>device</group>
                <type>header</type>
                <language>c</language>
            </file>
            <file>
                <name>startup_MDR1986VE1T.s</name>
                <gathered-name>Libraries\CMSIS\CM1\DeviceSupport\MDR1986VE1T\startup\arm\startup_MDR1986VE1T.s</gathered-name>
                <group>startup</group>
                <type>source</type>
                <language>asm</language>
            </file>
            <file>
                <name>system_MDR1986VE1T.c</name>
                <gathered-name>Libraries\CMSIS\CM1\DeviceSupport\MDR1986VE1T\startup\arm\system_MDR1986VE1T.c</gathered-name>
                <group>system</group>
                <type>source</type>
                <language>c</language>
            </file>
            <file>
                <name>system_MDR1986VE1T.h</name>
                <gathered-name>Libraries\CMSIS\CM1\DeviceSupport\MDR1986VE1T\startup\arm\system_MDR1986VE1T.h</gathered-name>
                <group>system</group>
                <type>header</type>
                <language>c</language>
            </file>
            <file>
                <name>core_cm1.h</name>
                <gathered-name>Libraries\CMSIS\CM1\CoreSupport\core_cm1.h</gathered-name>
                <group>startup</group>
                <type>header</type>
                <language>c</language>
            </file>
            <file>
                <name>MDR32F9Qx_config.h</name>
                <gathered-name>Config\MDR32F9Qx_config.h</gathered-name>
                <group>startup</group>
                <type>header</type>
                <language>c</language>
            </file>
        </files>
    </device>
    <device>
        <name>MDR1986BE3T</name>
        <family>Milandr</family>
        <core>Cortex-M1</core>
        <clock-freq>80000000</clock-freq>
        <flags></flags>
        <defines>USE_MDR1986VE3</defines>
        <additional-defines>MDR1986BE3T</additional-defines>
        <features></features>
        <files>
            <file>
                <name>MDR1986VE3.h</name>
                <gathered-name>Libraries\CMSIS\CM1\DeviceSupport\MDR1986VE3\inc\MDR1986VE3.h</gathered-name>
                <group>device</group>
                <type>header</type>
                <language>c</language>
            </file>
            <file>
                <name>startup_MDR1986VE3.s</name>
                <gathered-name>Libraries\CMSIS\CM1\DeviceSupport\MDR1986VE3\startup\arm\startup_MDR1986VE3.s</gathered-name>
                <group>startup</group>
                <type>source</type>
                <language>asm</language>
            </file>
            <file>
                <name>system_MDR1986VE3.c</name>
                <gathered-name>Libraries\CMSIS\CM1\DeviceSupport\MDR1986VE3\startup\arm\system_MDR1986VE3.c</gathered-name>
                <group>system</group>
                <type>source</type>
                <language>c</language>
            </file>
            <file>
                <name>system_MDR1986VE3.h</name>
                <gathered-name>Libraries\CMSIS\CM1\DeviceSupport\MDR1986VE3\startup\arm\system_MDR1986VE3.h</gathered-name>
                <group>system</group>
                <type>header</type>
                <language>c</language>
            </file>
            <file>
                <name>core_cm1.h</name>
                <gathered-name>Libraries\CMSIS\CM1\CoreSupport\core_cm1.h</gathered-name>
                <group>startup</group>
                <type>header</type>
                <language>c</language>
            </file>
            <file>
                <name>MDR32F9Qx_config.h</name>
                <gathered-name>Config\MDR32F9Qx_config.h</gathered-name>
                <group>startup</group>
                <type>header</type>
                <language>c</language>
            </file>
        </files>
    </device>
    <device>
        <name>MDR1986BE4</name>
        <family>Milandr</family>
        <core>Cortex-M0</core>
        <clock-freq>36000000</clock-freq>
        <flags></flags>
        <defines>USE_MDR1986BE4</defines>
        <additional-defines>MDR1986BE4</additional-defines>
        <features></features>
        <files>
            <file>
                <name>MDR1986BE4.h</name>
                <gathered-name>Libraries\CMSIS\CM0\DeviceSupport\MDR1986BE4\inc\MDR1986BE4.h</gathered-name>
                <group>device</group>
                <type>header</type>
                <language>c</language>
            </file>
            <file>
                <name>startup_MDR1986BE4.s</name>
                <gathered-name>Libraries\CMSIS\CM0\DeviceSupport\MDR1986BE4\startup\arm\startup_MDR1986BE4.s</gathered-name>
                <group>startup</group>
                <type>source</type>
                <language>asm</language>
            </file>
            <file>
                <name>system_MDR1986BE4.c</name>
                <gathered-name>Libraries\CMSIS\CM0\DeviceSupport\MDR1986BE4\startup\arm\system_MDR1986BE4.c</gathered-name>
                <group>system</group>
                <type>source</type>
                <language>c</language>
            </file>
            <file>
                <name>system_MDR1986BE4.h</name>
                <gathered-name>Libraries\CMSIS\CM0\DeviceSupport\MDR1986BE4\startup\arm\system_MDR1986BE4.h</gathered-name>
                <group>system</group>
                <type>header</type>
                <language>c</language>
            </file>
            <file>
                <name>core_cm0.h</name>
                <gathered-name>Libraries\CMSIS\CM0\CoreSupport\core_cm0.h</gathered-name>
                <group>startup</group>
                <type>header</type>
                <language>c</language>
            </file>
            <file>
                <name>MDR32F9Qx_config.h</name>
                <gathered-name>Config\MDR32F9Qx_config.h</gathered-name>
                <group>startup</group>
                <type>header</type>
                <language>c</language>
            </file>
        </files>
    </device>
</umba-mm-device-info-set>
