<?xml version="1.0" encoding="UTF-8" ?>
<umba-mm-device-info-set>
    <device>
        <name>STM32F205RB</name>
        <family>STM32F2 Series</family>
        <subfamily>STM32F205</subfamily>
        <core>Cortex-M3</core>
        <clock-freq>120000000</clock-freq>
        <mpu>1</mpu>
        <flags></flags>
        <defines></defines>
        <additional-defines>STM32F205xx</additional-defines>
        <features>
            <feature type="ADC" n="16"></feature>
            <feature type="CAN" n="2"></feature>
            <feature type="DAC" n="2"></feature>
            <feature type="I2C" n="3"></feature>
            <feature type="I2S" n="2"></feature>
            <feature type="IOs" n="51"></feature>
            <feature type="RNG" n="1"></feature>
            <feature type="RTC" n="32768"></feature>
            <feature type="SDIO" n="1"></feature>
            <feature type="SPI" n="3"></feature>
            <feature type="Temp" n="-40"></feature>
            <feature type="Timer" n="2"></feature>
            <feature type="UART" n="2"></feature>
            <feature type="USART" n="4"></feature>
            <feature type="USBOTG" n="1"></feature>
            <feature type="VCC" n="1.80"></feature>
            <feature type="WDT" n="2"></feature>
        </features>
        <files></files>
    </device>
    <device>
        <name>STM32F205RC</name>
        <family>STM32F2 Series</family>
        <subfamily>STM32F205</subfamily>
        <core>Cortex-M3</core>
        <clock-freq>120000000</clock-freq>
        <mpu>1</mpu>
        <flags></flags>
        <defines></defines>
        <additional-defines>STM32F205xx</additional-defines>
        <features>
            <feature type="ADC" n="16"></feature>
            <feature type="CAN" n="2"></feature>
            <feature type="DAC" n="2"></feature>
            <feature type="I2C" n="3"></feature>
            <feature type="I2S" n="2"></feature>
            <feature type="IOs" n="51"></feature>
            <feature type="RNG" n="1"></feature>
            <feature type="RTC" n="32768"></feature>
            <feature type="SDIO" n="1"></feature>
            <feature type="SPI" n="3"></feature>
            <feature type="Temp" n="-40"></feature>
            <feature type="Timer" n="2"></feature>
            <feature type="UART" n="2"></feature>
            <feature type="USART" n="4"></feature>
            <feature type="USBOTG" n="1"></feature>
            <feature type="VCC" n="1.80"></feature>
            <feature type="WDT" n="2"></feature>
        </features>
        <files></files>
    </device>
    <device>
        <name>STM32F205RE</name>
        <family>STM32F2 Series</family>
        <subfamily>STM32F205</subfamily>
        <core>Cortex-M3</core>
        <clock-freq>120000000</clock-freq>
        <mpu>1</mpu>
        <flags></flags>
        <defines></defines>
        <additional-defines>STM32F205xx</additional-defines>
        <features>
            <feature type="ADC" n="16"></feature>
            <feature type="CAN" n="2"></feature>
            <feature type="DAC" n="2"></feature>
            <feature type="I2C" n="3"></feature>
            <feature type="I2S" n="2"></feature>
            <feature type="IOs" n="51"></feature>
            <feature type="RNG" n="1"></feature>
            <feature type="RTC" n="32768"></feature>
            <feature type="SDIO" n="1"></feature>
            <feature type="SPI" n="3"></feature>
            <feature type="Temp" n="-40"></feature>
            <feature type="Timer" n="2"></feature>
            <feature type="UART" n="2"></feature>
            <feature type="USART" n="4"></feature>
            <feature type="USBOTG" n="1"></feature>
            <feature type="VCC" n="1.80"></feature>
            <feature type="WDT" n="2"></feature>
        </features>
        <files></files>
    </device>
    <device>
        <name>STM32F205RF</name>
        <family>STM32F2 Series</family>
        <subfamily>STM32F205</subfamily>
        <core>Cortex-M3</core>
        <clock-freq>120000000</clock-freq>
        <mpu>1</mpu>
        <flags></flags>
        <defines></defines>
        <additional-defines>STM32F205xx</additional-defines>
        <features>
            <feature type="ADC" n="16"></feature>
            <feature type="CAN" n="2"></feature>
            <feature type="DAC" n="2"></feature>
            <feature type="I2C" n="3"></feature>
            <feature type="I2S" n="2"></feature>
            <feature type="IOs" n="51"></feature>
            <feature type="RNG" n="1"></feature>
            <feature type="RTC" n="32768"></feature>
            <feature type="SDIO" n="1"></feature>
            <feature type="SPI" n="3"></feature>
            <feature type="Temp" n="-40"></feature>
            <feature type="Timer" n="2"></feature>
            <feature type="UART" n="2"></feature>
            <feature type="USART" n="4"></feature>
            <feature type="USBOTG" n="1"></feature>
            <feature type="VCC" n="1.80"></feature>
            <feature type="WDT" n="2"></feature>
        </features>
        <files></files>
    </device>
    <device>
        <name>STM32F205RG</name>
        <family>STM32F2 Series</family>
        <subfamily>STM32F205</subfamily>
        <core>Cortex-M3</core>
        <clock-freq>120000000</clock-freq>
        <mpu>1</mpu>
        <flags></flags>
        <defines></defines>
        <additional-defines>STM32F205xx</additional-defines>
        <features>
            <feature type="ADC" n="16"></feature>
            <feature type="CAN" n="2"></feature>
            <feature type="DAC" n="2"></feature>
            <feature type="I2C" n="3"></feature>
            <feature type="I2S" n="2"></feature>
            <feature type="IOs" n="51"></feature>
            <feature type="RNG" n="1"></feature>
            <feature type="RTC" n="32768"></feature>
            <feature type="SDIO" n="1"></feature>
            <feature type="SPI" n="3"></feature>
            <feature type="Temp" n="-40"></feature>
            <feature type="Timer" n="2"></feature>
            <feature type="UART" n="2"></feature>
            <feature type="USART" n="4"></feature>
            <feature type="USBOTG" n="1"></feature>
            <feature type="VCC" n="1.80"></feature>
            <feature type="WDT" n="2"></feature>
        </features>
        <files></files>
    </device>
    <device>
        <name>STM32F205VB</name>
        <family>STM32F2 Series</family>
        <subfamily>STM32F205</subfamily>
        <core>Cortex-M3</core>
        <clock-freq>120000000</clock-freq>
        <mpu>1</mpu>
        <flags></flags>
        <defines></defines>
        <additional-defines>STM32F205xx</additional-defines>
        <features>
            <feature type="ADC" n="16"></feature>
            <feature type="CAN" n="2"></feature>
            <feature type="DAC" n="2"></feature>
            <feature type="ExtBus" n="16"></feature>
            <feature type="I2C" n="3"></feature>
            <feature type="I2S" n="2"></feature>
            <feature type="IOs" n="82"></feature>
            <feature type="RNG" n="1"></feature>
            <feature type="RTC" n="32768"></feature>
            <feature type="SDIO" n="1"></feature>
            <feature type="SPI" n="3"></feature>
            <feature type="Temp" n="-40"></feature>
            <feature type="Timer" n="2"></feature>
            <feature type="UART" n="2"></feature>
            <feature type="USART" n="4"></feature>
            <feature type="USBOTG" n="1"></feature>
            <feature type="VCC" n="1.80"></feature>
            <feature type="WDT" n="2"></feature>
        </features>
        <files></files>
    </device>
    <device>
        <name>STM32F205VC</name>
        <family>STM32F2 Series</family>
        <subfamily>STM32F205</subfamily>
        <core>Cortex-M3</core>
        <clock-freq>120000000</clock-freq>
        <mpu>1</mpu>
        <flags></flags>
        <defines></defines>
        <additional-defines>STM32F205xx</additional-defines>
        <features>
            <feature type="ADC" n="16"></feature>
            <feature type="CAN" n="2"></feature>
            <feature type="DAC" n="2"></feature>
            <feature type="ExtBus" n="16"></feature>
            <feature type="I2C" n="3"></feature>
            <feature type="I2S" n="2"></feature>
            <feature type="IOs" n="82"></feature>
            <feature type="RNG" n="1"></feature>
            <feature type="RTC" n="32768"></feature>
            <feature type="SDIO" n="1"></feature>
            <feature type="SPI" n="3"></feature>
            <feature type="Temp" n="-40"></feature>
            <feature type="Timer" n="2"></feature>
            <feature type="UART" n="2"></feature>
            <feature type="USART" n="4"></feature>
            <feature type="USBOTG" n="1"></feature>
            <feature type="VCC" n="1.80"></feature>
            <feature type="WDT" n="2"></feature>
        </features>
        <files></files>
    </device>
    <device>
        <name>STM32F205VE</name>
        <family>STM32F2 Series</family>
        <subfamily>STM32F205</subfamily>
        <core>Cortex-M3</core>
        <clock-freq>120000000</clock-freq>
        <mpu>1</mpu>
        <flags></flags>
        <defines></defines>
        <additional-defines>STM32F205xx</additional-defines>
        <features>
            <feature type="ADC" n="16"></feature>
            <feature type="CAN" n="2"></feature>
            <feature type="DAC" n="2"></feature>
            <feature type="ExtBus" n="16"></feature>
            <feature type="I2C" n="3"></feature>
            <feature type="I2S" n="2"></feature>
            <feature type="IOs" n="82"></feature>
            <feature type="RNG" n="1"></feature>
            <feature type="RTC" n="32768"></feature>
            <feature type="SDIO" n="1"></feature>
            <feature type="SPI" n="3"></feature>
            <feature type="Temp" n="-40"></feature>
            <feature type="Timer" n="2"></feature>
            <feature type="UART" n="2"></feature>
            <feature type="USART" n="4"></feature>
            <feature type="USBOTG" n="1"></feature>
            <feature type="VCC" n="1.80"></feature>
            <feature type="WDT" n="2"></feature>
        </features>
        <files></files>
    </device>
    <device>
        <name>STM32F205VF</name>
        <family>STM32F2 Series</family>
        <subfamily>STM32F205</subfamily>
        <core>Cortex-M3</core>
        <clock-freq>120000000</clock-freq>
        <mpu>1</mpu>
        <flags></flags>
        <defines></defines>
        <additional-defines>STM32F205xx</additional-defines>
        <features>
            <feature type="ADC" n="16"></feature>
            <feature type="CAN" n="2"></feature>
            <feature type="DAC" n="2"></feature>
            <feature type="ExtBus" n="16"></feature>
            <feature type="I2C" n="3"></feature>
            <feature type="I2S" n="2"></feature>
            <feature type="IOs" n="82"></feature>
            <feature type="RNG" n="1"></feature>
            <feature type="RTC" n="32768"></feature>
            <feature type="SDIO" n="1"></feature>
            <feature type="SPI" n="3"></feature>
            <feature type="Temp" n="-40"></feature>
            <feature type="Timer" n="2"></feature>
            <feature type="UART" n="2"></feature>
            <feature type="USART" n="4"></feature>
            <feature type="USBOTG" n="1"></feature>
            <feature type="VCC" n="1.80"></feature>
            <feature type="WDT" n="2"></feature>
        </features>
        <files></files>
    </device>
    <device>
        <name>STM32F205VG</name>
        <family>STM32F2 Series</family>
        <subfamily>STM32F205</subfamily>
        <core>Cortex-M3</core>
        <clock-freq>120000000</clock-freq>
        <mpu>1</mpu>
        <flags></flags>
        <defines></defines>
        <additional-defines>STM32F205xx</additional-defines>
        <features>
            <feature type="ADC" n="16"></feature>
            <feature type="CAN" n="2"></feature>
            <feature type="DAC" n="2"></feature>
            <feature type="ExtBus" n="16"></feature>
            <feature type="I2C" n="3"></feature>
            <feature type="I2S" n="2"></feature>
            <feature type="IOs" n="82"></feature>
            <feature type="RNG" n="1"></feature>
            <feature type="RTC" n="32768"></feature>
            <feature type="SDIO" n="1"></feature>
            <feature type="SPI" n="3"></feature>
            <feature type="Temp" n="-40"></feature>
            <feature type="Timer" n="2"></feature>
            <feature type="UART" n="2"></feature>
            <feature type="USART" n="4"></feature>
            <feature type="USBOTG" n="1"></feature>
            <feature type="VCC" n="1.80"></feature>
            <feature type="WDT" n="2"></feature>
        </features>
        <files></files>
    </device>
    <device>
        <name>STM32F205ZC</name>
        <family>STM32F2 Series</family>
        <subfamily>STM32F205</subfamily>
        <core>Cortex-M3</core>
        <clock-freq>120000000</clock-freq>
        <mpu>1</mpu>
        <flags></flags>
        <defines></defines>
        <additional-defines>STM32F205xx</additional-defines>
        <features>
            <feature type="ADC" n="24"></feature>
            <feature type="CAN" n="2"></feature>
            <feature type="DAC" n="2"></feature>
            <feature type="ExtBus" n="16"></feature>
            <feature type="I2C" n="3"></feature>
            <feature type="I2S" n="2"></feature>
            <feature type="IOs" n="114"></feature>
            <feature type="RNG" n="1"></feature>
            <feature type="RTC" n="32768"></feature>
            <feature type="SDIO" n="1"></feature>
            <feature type="SPI" n="3"></feature>
            <feature type="Temp" n="-40"></feature>
            <feature type="Timer" n="2"></feature>
            <feature type="UART" n="2"></feature>
            <feature type="USART" n="4"></feature>
            <feature type="USBOTG" n="1"></feature>
            <feature type="VCC" n="1.80"></feature>
            <feature type="WDT" n="2"></feature>
        </features>
        <files></files>
    </device>
    <device>
        <name>STM32F205ZE</name>
        <family>STM32F2 Series</family>
        <subfamily>STM32F205</subfamily>
        <core>Cortex-M3</core>
        <clock-freq>120000000</clock-freq>
        <mpu>1</mpu>
        <flags></flags>
        <defines></defines>
        <additional-defines>STM32F205xx</additional-defines>
        <features>
            <feature type="ADC" n="24"></feature>
            <feature type="CAN" n="2"></feature>
            <feature type="DAC" n="2"></feature>
            <feature type="ExtBus" n="16"></feature>
            <feature type="I2C" n="3"></feature>
            <feature type="I2S" n="2"></feature>
            <feature type="IOs" n="114"></feature>
            <feature type="RNG" n="1"></feature>
            <feature type="RTC" n="32768"></feature>
            <feature type="SDIO" n="1"></feature>
            <feature type="SPI" n="3"></feature>
            <feature type="Temp" n="-40"></feature>
            <feature type="Timer" n="2"></feature>
            <feature type="UART" n="2"></feature>
            <feature type="USART" n="4"></feature>
            <feature type="USBOTG" n="1"></feature>
            <feature type="VCC" n="1.80"></feature>
            <feature type="WDT" n="2"></feature>
        </features>
        <files></files>
    </device>
    <device>
        <name>STM32F205ZF</name>
        <family>STM32F2 Series</family>
        <subfamily>STM32F205</subfamily>
        <core>Cortex-M3</core>
        <clock-freq>120000000</clock-freq>
        <mpu>1</mpu>
        <flags></flags>
        <defines></defines>
        <additional-defines>STM32F205xx</additional-defines>
        <features>
            <feature type="ADC" n="24"></feature>
            <feature type="CAN" n="2"></feature>
            <feature type="DAC" n="2"></feature>
            <feature type="ExtBus" n="16"></feature>
            <feature type="I2C" n="3"></feature>
            <feature type="I2S" n="2"></feature>
            <feature type="IOs" n="114"></feature>
            <feature type="RNG" n="1"></feature>
            <feature type="RTC" n="32768"></feature>
            <feature type="SDIO" n="1"></feature>
            <feature type="SPI" n="3"></feature>
            <feature type="Temp" n="-40"></feature>
            <feature type="Timer" n="2"></feature>
            <feature type="UART" n="2"></feature>
            <feature type="USART" n="4"></feature>
            <feature type="USBOTG" n="1"></feature>
            <feature type="VCC" n="1.80"></feature>
            <feature type="WDT" n="2"></feature>
        </features>
        <files></files>
    </device>
    <device>
        <name>STM32F205ZG</name>
        <family>STM32F2 Series</family>
        <subfamily>STM32F205</subfamily>
        <core>Cortex-M3</core>
        <clock-freq>120000000</clock-freq>
        <mpu>1</mpu>
        <flags></flags>
        <defines></defines>
        <additional-defines>STM32F205xx</additional-defines>
        <features>
            <feature type="ADC" n="24"></feature>
            <feature type="CAN" n="2"></feature>
            <feature type="DAC" n="2"></feature>
            <feature type="ExtBus" n="16"></feature>
            <feature type="I2C" n="3"></feature>
            <feature type="I2S" n="2"></feature>
            <feature type="IOs" n="114"></feature>
            <feature type="RNG" n="1"></feature>
            <feature type="RTC" n="32768"></feature>
            <feature type="SDIO" n="1"></feature>
            <feature type="SPI" n="3"></feature>
            <feature type="Temp" n="-40"></feature>
            <feature type="Timer" n="2"></feature>
            <feature type="UART" n="2"></feature>
            <feature type="USART" n="4"></feature>
            <feature type="USBOTG" n="1"></feature>
            <feature type="VCC" n="1.80"></feature>
            <feature type="WDT" n="2"></feature>
        </features>
        <files></files>
    </device>
    <device>
        <name>STM32F207VC</name>
        <family>STM32F2 Series</family>
        <subfamily>STM32F207</subfamily>
        <core>Cortex-M3</core>
        <clock-freq>120000000</clock-freq>
        <mpu>1</mpu>
        <flags></flags>
        <defines></defines>
        <additional-defines>STM32F207xx</additional-defines>
        <features>
            <feature type="ADC" n="16"></feature>
            <feature type="CAN" n="2"></feature>
            <feature type="Camera" n="14"></feature>
            <feature type="DAC" n="2"></feature>
            <feature type="ETH" n="1"></feature>
            <feature type="ExtBus" n="16"></feature>
            <feature type="I2C" n="2"></feature>
            <feature type="I2S" n="2"></feature>
            <feature type="IOs" n="82"></feature>
            <feature type="RNG" n="1"></feature>
            <feature type="RTC" n="32768"></feature>
            <feature type="SDIO" n="1"></feature>
            <feature type="SPI" n="3"></feature>
            <feature type="Temp" n="-40"></feature>
            <feature type="Timer" n="2"></feature>
            <feature type="UART" n="2"></feature>
            <feature type="USART" n="4"></feature>
            <feature type="USBOTG" n="1"></feature>
            <feature type="VCC" n="1.80"></feature>
            <feature type="WDT" n="2"></feature>
        </features>
        <files></files>
    </device>
    <device>
        <name>STM32F207VE</name>
        <family>STM32F2 Series</family>
        <subfamily>STM32F207</subfamily>
        <core>Cortex-M3</core>
        <clock-freq>120000000</clock-freq>
        <mpu>1</mpu>
        <flags></flags>
        <defines></defines>
        <additional-defines>STM32F207xx</additional-defines>
        <features>
            <feature type="ADC" n="16"></feature>
            <feature type="CAN" n="2"></feature>
            <feature type="Camera" n="14"></feature>
            <feature type="DAC" n="2"></feature>
            <feature type="ETH" n="1"></feature>
            <feature type="ExtBus" n="16"></feature>
            <feature type="I2C" n="2"></feature>
            <feature type="I2S" n="2"></feature>
            <feature type="IOs" n="82"></feature>
            <feature type="RNG" n="1"></feature>
            <feature type="RTC" n="32768"></feature>
            <feature type="SDIO" n="1"></feature>
            <feature type="SPI" n="3"></feature>
            <feature type="Temp" n="-40"></feature>
            <feature type="Timer" n="2"></feature>
            <feature type="UART" n="2"></feature>
            <feature type="USART" n="4"></feature>
            <feature type="USBOTG" n="1"></feature>
            <feature type="VCC" n="1.80"></feature>
            <feature type="WDT" n="2"></feature>
        </features>
        <files></files>
    </device>
    <device>
        <name>STM32F207VF</name>
        <family>STM32F2 Series</family>
        <subfamily>STM32F207</subfamily>
        <core>Cortex-M3</core>
        <clock-freq>120000000</clock-freq>
        <mpu>1</mpu>
        <flags></flags>
        <defines></defines>
        <additional-defines>STM32F207xx</additional-defines>
        <features>
            <feature type="ADC" n="16"></feature>
            <feature type="CAN" n="2"></feature>
            <feature type="Camera" n="14"></feature>
            <feature type="DAC" n="2"></feature>
            <feature type="ETH" n="1"></feature>
            <feature type="ExtBus" n="16"></feature>
            <feature type="I2C" n="2"></feature>
            <feature type="I2S" n="2"></feature>
            <feature type="IOs" n="82"></feature>
            <feature type="RNG" n="1"></feature>
            <feature type="RTC" n="32768"></feature>
            <feature type="SDIO" n="1"></feature>
            <feature type="SPI" n="3"></feature>
            <feature type="Temp" n="-40"></feature>
            <feature type="Timer" n="2"></feature>
            <feature type="UART" n="2"></feature>
            <feature type="USART" n="4"></feature>
            <feature type="USBOTG" n="1"></feature>
            <feature type="VCC" n="1.80"></feature>
            <feature type="WDT" n="2"></feature>
        </features>
        <files></files>
    </device>
    <device>
        <name>STM32F207VG</name>
        <family>STM32F2 Series</family>
        <subfamily>STM32F207</subfamily>
        <core>Cortex-M3</core>
        <clock-freq>120000000</clock-freq>
        <mpu>1</mpu>
        <flags></flags>
        <defines></defines>
        <additional-defines>STM32F207xx</additional-defines>
        <features>
            <feature type="ADC" n="16"></feature>
            <feature type="CAN" n="2"></feature>
            <feature type="Camera" n="14"></feature>
            <feature type="DAC" n="2"></feature>
            <feature type="ETH" n="1"></feature>
            <feature type="ExtBus" n="16"></feature>
            <feature type="I2C" n="2"></feature>
            <feature type="I2S" n="2"></feature>
            <feature type="IOs" n="82"></feature>
            <feature type="RNG" n="1"></feature>
            <feature type="RTC" n="32768"></feature>
            <feature type="SDIO" n="1"></feature>
            <feature type="SPI" n="3"></feature>
            <feature type="Temp" n="-40"></feature>
            <feature type="Timer" n="2"></feature>
            <feature type="UART" n="2"></feature>
            <feature type="USART" n="4"></feature>
            <feature type="USBOTG" n="1"></feature>
            <feature type="VCC" n="1.80"></feature>
            <feature type="WDT" n="2"></feature>
        </features>
        <files></files>
    </device>
    <device>
        <name>STM32F207ZC</name>
        <family>STM32F2 Series</family>
        <subfamily>STM32F207</subfamily>
        <core>Cortex-M3</core>
        <clock-freq>120000000</clock-freq>
        <mpu>1</mpu>
        <flags></flags>
        <defines></defines>
        <additional-defines>STM32F207xx</additional-defines>
        <features>
            <feature type="ADC" n="24"></feature>
            <feature type="CAN" n="2"></feature>
            <feature type="Camera" n="14"></feature>
            <feature type="DAC" n="2"></feature>
            <feature type="ETH" n="1"></feature>
            <feature type="ExtBus" n="16"></feature>
            <feature type="I2C" n="2"></feature>
            <feature type="I2S" n="2"></feature>
            <feature type="IOs" n="114"></feature>
            <feature type="RNG" n="1"></feature>
            <feature type="RTC" n="32768"></feature>
            <feature type="SDIO" n="1"></feature>
            <feature type="SPI" n="3"></feature>
            <feature type="Temp" n="-40"></feature>
            <feature type="Timer" n="2"></feature>
            <feature type="UART" n="2"></feature>
            <feature type="USART" n="4"></feature>
            <feature type="USBOTG" n="1"></feature>
            <feature type="VCC" n="1.80"></feature>
            <feature type="WDT" n="2"></feature>
        </features>
        <files></files>
    </device>
    <device>
        <name>STM32F207ZE</name>
        <family>STM32F2 Series</family>
        <subfamily>STM32F207</subfamily>
        <core>Cortex-M3</core>
        <clock-freq>120000000</clock-freq>
        <mpu>1</mpu>
        <flags></flags>
        <defines></defines>
        <additional-defines>STM32F207xx</additional-defines>
        <features>
            <feature type="ADC" n="24"></feature>
            <feature type="CAN" n="2"></feature>
            <feature type="Camera" n="14"></feature>
            <feature type="DAC" n="2"></feature>
            <feature type="ETH" n="1"></feature>
            <feature type="ExtBus" n="16"></feature>
            <feature type="I2C" n="2"></feature>
            <feature type="I2S" n="2"></feature>
            <feature type="IOs" n="114"></feature>
            <feature type="RNG" n="1"></feature>
            <feature type="RTC" n="32768"></feature>
            <feature type="SDIO" n="1"></feature>
            <feature type="SPI" n="3"></feature>
            <feature type="Temp" n="-40"></feature>
            <feature type="Timer" n="2"></feature>
            <feature type="UART" n="2"></feature>
            <feature type="USART" n="4"></feature>
            <feature type="USBOTG" n="1"></feature>
            <feature type="VCC" n="1.80"></feature>
            <feature type="WDT" n="2"></feature>
        </features>
        <files></files>
    </device>
    <device>
        <name>STM32F207ZF</name>
        <family>STM32F2 Series</family>
        <subfamily>STM32F207</subfamily>
        <core>Cortex-M3</core>
        <clock-freq>120000000</clock-freq>
        <mpu>1</mpu>
        <flags></flags>
        <defines></defines>
        <additional-defines>STM32F207xx</additional-defines>
        <features>
            <feature type="ADC" n="24"></feature>
            <feature type="CAN" n="2"></feature>
            <feature type="Camera" n="14"></feature>
            <feature type="DAC" n="2"></feature>
            <feature type="ETH" n="1"></feature>
            <feature type="ExtBus" n="16"></feature>
            <feature type="I2C" n="2"></feature>
            <feature type="I2S" n="2"></feature>
            <feature type="IOs" n="114"></feature>
            <feature type="RNG" n="1"></feature>
            <feature type="RTC" n="32768"></feature>
            <feature type="SDIO" n="1"></feature>
            <feature type="SPI" n="3"></feature>
            <feature type="Temp" n="-40"></feature>
            <feature type="Timer" n="2"></feature>
            <feature type="UART" n="2"></feature>
            <feature type="USART" n="4"></feature>
            <feature type="USBOTG" n="1"></feature>
            <feature type="VCC" n="1.80"></feature>
            <feature type="WDT" n="2"></feature>
        </features>
        <files></files>
    </device>
    <device>
        <name>STM32F207ZG</name>
        <family>STM32F2 Series</family>
        <subfamily>STM32F207</subfamily>
        <core>Cortex-M3</core>
        <clock-freq>120000000</clock-freq>
        <mpu>1</mpu>
        <flags></flags>
        <defines></defines>
        <additional-defines>STM32F207xx</additional-defines>
        <features>
            <feature type="ADC" n="24"></feature>
            <feature type="CAN" n="2"></feature>
            <feature type="Camera" n="14"></feature>
            <feature type="DAC" n="2"></feature>
            <feature type="ETH" n="1"></feature>
            <feature type="ExtBus" n="16"></feature>
            <feature type="I2C" n="2"></feature>
            <feature type="I2S" n="2"></feature>
            <feature type="IOs" n="114"></feature>
            <feature type="RNG" n="1"></feature>
            <feature type="RTC" n="32768"></feature>
            <feature type="SDIO" n="1"></feature>
            <feature type="SPI" n="3"></feature>
            <feature type="Temp" n="-40"></feature>
            <feature type="Timer" n="2"></feature>
            <feature type="UART" n="2"></feature>
            <feature type="USART" n="4"></feature>
            <feature type="USBOTG" n="1"></feature>
            <feature type="VCC" n="1.80"></feature>
            <feature type="WDT" n="2"></feature>
        </features>
        <files></files>
    </device>
    <device>
        <name>STM32F207IC</name>
        <family>STM32F2 Series</family>
        <subfamily>STM32F207</subfamily>
        <core>Cortex-M3</core>
        <clock-freq>120000000</clock-freq>
        <mpu>1</mpu>
        <flags></flags>
        <defines></defines>
        <additional-defines>STM32F207xx</additional-defines>
        <features>
            <feature type="ADC" n="24"></feature>
            <feature type="CAN" n="2"></feature>
            <feature type="Camera" n="14"></feature>
            <feature type="DAC" n="2"></feature>
            <feature type="ETH" n="1"></feature>
            <feature type="ExtBus" n="16"></feature>
            <feature type="I2C" n="2"></feature>
            <feature type="I2S" n="2"></feature>
            <feature type="IOs" n="140"></feature>
            <feature type="RNG" n="1"></feature>
            <feature type="RTC" n="32768"></feature>
            <feature type="SDIO" n="1"></feature>
            <feature type="SPI" n="3"></feature>
            <feature type="Temp" n="-40"></feature>
            <feature type="Timer" n="2"></feature>
            <feature type="UART" n="2"></feature>
            <feature type="USART" n="4"></feature>
            <feature type="USBOTG" n="1"></feature>
            <feature type="VCC" n="1.80"></feature>
            <feature type="WDT" n="2"></feature>
        </features>
        <files></files>
    </device>
    <device>
        <name>STM32F207IE</name>
        <family>STM32F2 Series</family>
        <subfamily>STM32F207</subfamily>
        <core>Cortex-M3</core>
        <clock-freq>120000000</clock-freq>
        <mpu>1</mpu>
        <flags></flags>
        <defines></defines>
        <additional-defines>STM32F207xx</additional-defines>
        <features>
            <feature type="ADC" n="24"></feature>
            <feature type="CAN" n="2"></feature>
            <feature type="Camera" n="14"></feature>
            <feature type="DAC" n="2"></feature>
            <feature type="ETH" n="1"></feature>
            <feature type="ExtBus" n="16"></feature>
            <feature type="I2C" n="2"></feature>
            <feature type="I2S" n="2"></feature>
            <feature type="IOs" n="140"></feature>
            <feature type="RNG" n="1"></feature>
            <feature type="RTC" n="32768"></feature>
            <feature type="SDIO" n="1"></feature>
            <feature type="SPI" n="3"></feature>
            <feature type="Temp" n="-40"></feature>
            <feature type="Timer" n="2"></feature>
            <feature type="UART" n="2"></feature>
            <feature type="USART" n="4"></feature>
            <feature type="USBOTG" n="1"></feature>
            <feature type="VCC" n="1.80"></feature>
            <feature type="WDT" n="2"></feature>
        </features>
        <files></files>
    </device>
    <device>
        <name>STM32F207IF</name>
        <family>STM32F2 Series</family>
        <subfamily>STM32F207</subfamily>
        <core>Cortex-M3</core>
        <clock-freq>120000000</clock-freq>
        <mpu>1</mpu>
        <flags></flags>
        <defines></defines>
        <additional-defines>STM32F207xx</additional-defines>
        <features>
            <feature type="ADC" n="24"></feature>
            <feature type="CAN" n="2"></feature>
            <feature type="Camera" n="14"></feature>
            <feature type="DAC" n="2"></feature>
            <feature type="ETH" n="1"></feature>
            <feature type="ExtBus" n="16"></feature>
            <feature type="I2C" n="2"></feature>
            <feature type="I2S" n="2"></feature>
            <feature type="IOs" n="140"></feature>
            <feature type="RNG" n="1"></feature>
            <feature type="RTC" n="32768"></feature>
            <feature type="SDIO" n="1"></feature>
            <feature type="SPI" n="3"></feature>
            <feature type="Temp" n="-40"></feature>
            <feature type="Timer" n="2"></feature>
            <feature type="UART" n="2"></feature>
            <feature type="USART" n="4"></feature>
            <feature type="USBOTG" n="1"></feature>
            <feature type="VCC" n="1.80"></feature>
            <feature type="WDT" n="2"></feature>
        </features>
        <files></files>
    </device>
    <device>
        <name>STM32F207IG</name>
        <family>STM32F2 Series</family>
        <subfamily>STM32F207</subfamily>
        <core>Cortex-M3</core>
        <clock-freq>120000000</clock-freq>
        <mpu>1</mpu>
        <flags></flags>
        <defines></defines>
        <additional-defines>STM32F207xx</additional-defines>
        <features>
            <feature type="ADC" n="24"></feature>
            <feature type="CAN" n="2"></feature>
            <feature type="Camera" n="14"></feature>
            <feature type="DAC" n="2"></feature>
            <feature type="ETH" n="1"></feature>
            <feature type="ExtBus" n="16"></feature>
            <feature type="I2C" n="2"></feature>
            <feature type="I2S" n="2"></feature>
            <feature type="IOs" n="140"></feature>
            <feature type="RNG" n="1"></feature>
            <feature type="RTC" n="32768"></feature>
            <feature type="SDIO" n="1"></feature>
            <feature type="SPI" n="3"></feature>
            <feature type="Temp" n="-40"></feature>
            <feature type="Timer" n="2"></feature>
            <feature type="UART" n="2"></feature>
            <feature type="USART" n="4"></feature>
            <feature type="USBOTG" n="1"></feature>
            <feature type="VCC" n="1.80"></feature>
            <feature type="WDT" n="2"></feature>
        </features>
        <files></files>
    </device>
    <device>
        <name>STM32F215RE</name>
        <family>STM32F2 Series</family>
        <subfamily>STM32F215</subfamily>
        <core>Cortex-M3</core>
        <clock-freq>120000000</clock-freq>
        <mpu>1</mpu>
        <flags></flags>
        <defines></defines>
        <additional-defines>STM32F215xx</additional-defines>
        <features>
            <feature type="ADC" n="16"></feature>
            <feature type="CAN" n="2"></feature>
            <feature type="Crypto" n="1"></feature>
            <feature type="DAC" n="2"></feature>
            <feature type="I2C" n="3"></feature>
            <feature type="I2S" n="2"></feature>
            <feature type="IOs" n="51"></feature>
            <feature type="RNG" n="1"></feature>
            <feature type="RTC" n="32768"></feature>
            <feature type="SDIO" n="1"></feature>
            <feature type="SPI" n="3"></feature>
            <feature type="Temp" n="-40"></feature>
            <feature type="Timer" n="2"></feature>
            <feature type="UART" n="2"></feature>
            <feature type="USART" n="4"></feature>
            <feature type="USBOTG" n="1"></feature>
            <feature type="VCC" n="1.80"></feature>
            <feature type="WDT" n="2"></feature>
        </features>
        <files></files>
    </device>
    <device>
        <name>STM32F215RG</name>
        <family>STM32F2 Series</family>
        <subfamily>STM32F215</subfamily>
        <core>Cortex-M3</core>
        <clock-freq>120000000</clock-freq>
        <mpu>1</mpu>
        <flags></flags>
        <defines></defines>
        <additional-defines>STM32F215xx</additional-defines>
        <features>
            <feature type="ADC" n="16"></feature>
            <feature type="CAN" n="2"></feature>
            <feature type="Crypto" n="1"></feature>
            <feature type="DAC" n="2"></feature>
            <feature type="I2C" n="3"></feature>
            <feature type="I2S" n="2"></feature>
            <feature type="IOs" n="51"></feature>
            <feature type="RNG" n="1"></feature>
            <feature type="RTC" n="32768"></feature>
            <feature type="SDIO" n="1"></feature>
            <feature type="SPI" n="3"></feature>
            <feature type="Temp" n="-40"></feature>
            <feature type="Timer" n="2"></feature>
            <feature type="UART" n="2"></feature>
            <feature type="USART" n="4"></feature>
            <feature type="USBOTG" n="1"></feature>
            <feature type="VCC" n="1.80"></feature>
            <feature type="WDT" n="2"></feature>
        </features>
        <files></files>
    </device>
    <device>
        <name>STM32F215VE</name>
        <family>STM32F2 Series</family>
        <subfamily>STM32F215</subfamily>
        <core>Cortex-M3</core>
        <clock-freq>120000000</clock-freq>
        <mpu>1</mpu>
        <flags></flags>
        <defines></defines>
        <additional-defines>STM32F215xx</additional-defines>
        <features>
            <feature type="ADC" n="16"></feature>
            <feature type="CAN" n="2"></feature>
            <feature type="Crypto" n="1"></feature>
            <feature type="DAC" n="2"></feature>
            <feature type="ExtBus" n="16"></feature>
            <feature type="I2C" n="3"></feature>
            <feature type="I2S" n="2"></feature>
            <feature type="IOs" n="82"></feature>
            <feature type="RNG" n="1"></feature>
            <feature type="RTC" n="32768"></feature>
            <feature type="SDIO" n="1"></feature>
            <feature type="SPI" n="3"></feature>
            <feature type="Temp" n="-40"></feature>
            <feature type="Timer" n="2"></feature>
            <feature type="UART" n="2"></feature>
            <feature type="USART" n="4"></feature>
            <feature type="USBOTG" n="1"></feature>
            <feature type="VCC" n="1.80"></feature>
            <feature type="WDT" n="2"></feature>
        </features>
        <files></files>
    </device>
    <device>
        <name>STM32F215VG</name>
        <family>STM32F2 Series</family>
        <subfamily>STM32F215</subfamily>
        <core>Cortex-M3</core>
        <clock-freq>120000000</clock-freq>
        <mpu>1</mpu>
        <flags></flags>
        <defines></defines>
        <additional-defines>STM32F215xx</additional-defines>
        <features>
            <feature type="ADC" n="16"></feature>
            <feature type="CAN" n="2"></feature>
            <feature type="Crypto" n="1"></feature>
            <feature type="DAC" n="2"></feature>
            <feature type="ExtBus" n="16"></feature>
            <feature type="I2C" n="3"></feature>
            <feature type="I2S" n="2"></feature>
            <feature type="IOs" n="82"></feature>
            <feature type="RNG" n="1"></feature>
            <feature type="RTC" n="32768"></feature>
            <feature type="SDIO" n="1"></feature>
            <feature type="SPI" n="3"></feature>
            <feature type="Temp" n="-40"></feature>
            <feature type="Timer" n="2"></feature>
            <feature type="UART" n="2"></feature>
            <feature type="USART" n="4"></feature>
            <feature type="USBOTG" n="1"></feature>
            <feature type="VCC" n="1.80"></feature>
            <feature type="WDT" n="2"></feature>
        </features>
        <files></files>
    </device>
    <device>
        <name>STM32F215ZE</name>
        <family>STM32F2 Series</family>
        <subfamily>STM32F215</subfamily>
        <core>Cortex-M3</core>
        <clock-freq>120000000</clock-freq>
        <mpu>1</mpu>
        <flags></flags>
        <defines></defines>
        <additional-defines>STM32F215xx</additional-defines>
        <features>
            <feature type="ADC" n="24"></feature>
            <feature type="CAN" n="2"></feature>
            <feature type="Crypto" n="1"></feature>
            <feature type="DAC" n="2"></feature>
            <feature type="ExtBus" n="16"></feature>
            <feature type="I2C" n="3"></feature>
            <feature type="I2S" n="2"></feature>
            <feature type="IOs" n="114"></feature>
            <feature type="RNG" n="1"></feature>
            <feature type="RTC" n="32768"></feature>
            <feature type="SDIO" n="1"></feature>
            <feature type="SPI" n="3"></feature>
            <feature type="Temp" n="-40"></feature>
            <feature type="Timer" n="2"></feature>
            <feature type="UART" n="2"></feature>
            <feature type="USART" n="4"></feature>
            <feature type="USBOTG" n="1"></feature>
            <feature type="VCC" n="1.80"></feature>
            <feature type="WDT" n="2"></feature>
        </features>
        <files></files>
    </device>
    <device>
        <name>STM32F215ZG</name>
        <family>STM32F2 Series</family>
        <subfamily>STM32F215</subfamily>
        <core>Cortex-M3</core>
        <clock-freq>120000000</clock-freq>
        <mpu>1</mpu>
        <flags></flags>
        <defines></defines>
        <additional-defines>STM32F215xx</additional-defines>
        <features>
            <feature type="ADC" n="24"></feature>
            <feature type="CAN" n="2"></feature>
            <feature type="Crypto" n="1"></feature>
            <feature type="DAC" n="2"></feature>
            <feature type="ExtBus" n="16"></feature>
            <feature type="I2C" n="3"></feature>
            <feature type="I2S" n="2"></feature>
            <feature type="IOs" n="114"></feature>
            <feature type="RNG" n="1"></feature>
            <feature type="RTC" n="32768"></feature>
            <feature type="SDIO" n="1"></feature>
            <feature type="SPI" n="3"></feature>
            <feature type="Temp" n="-40"></feature>
            <feature type="Timer" n="2"></feature>
            <feature type="UART" n="2"></feature>
            <feature type="USART" n="4"></feature>
            <feature type="USBOTG" n="1"></feature>
            <feature type="VCC" n="1.80"></feature>
            <feature type="WDT" n="2"></feature>
        </features>
        <files></files>
    </device>
    <device>
        <name>STM32F217VE</name>
        <family>STM32F2 Series</family>
        <subfamily>STM32F217</subfamily>
        <core>Cortex-M3</core>
        <clock-freq>120000000</clock-freq>
        <mpu>1</mpu>
        <flags></flags>
        <defines></defines>
        <additional-defines>STM32F217xx</additional-defines>
        <features>
            <feature type="ADC" n="16"></feature>
            <feature type="CAN" n="2"></feature>
            <feature type="Camera" n="14"></feature>
            <feature type="Crypto" n="1"></feature>
            <feature type="DAC" n="2"></feature>
            <feature type="ETH" n="1"></feature>
            <feature type="ExtBus" n="16"></feature>
            <feature type="I2C" n="3"></feature>
            <feature type="I2S" n="2"></feature>
            <feature type="IOs" n="82"></feature>
            <feature type="RNG" n="1"></feature>
            <feature type="RTC" n="32768"></feature>
            <feature type="SDIO" n="1"></feature>
            <feature type="SPI" n="3"></feature>
            <feature type="Temp" n="-40"></feature>
            <feature type="Timer" n="2"></feature>
            <feature type="UART" n="2"></feature>
            <feature type="USART" n="4"></feature>
            <feature type="USBOTG" n="1"></feature>
            <feature type="VCC" n="1.80"></feature>
            <feature type="WDT" n="2"></feature>
        </features>
        <files></files>
    </device>
    <device>
        <name>STM32F217VG</name>
        <family>STM32F2 Series</family>
        <subfamily>STM32F217</subfamily>
        <core>Cortex-M3</core>
        <clock-freq>120000000</clock-freq>
        <mpu>1</mpu>
        <flags></flags>
        <defines></defines>
        <additional-defines>STM32F217xx</additional-defines>
        <features>
            <feature type="ADC" n="16"></feature>
            <feature type="CAN" n="2"></feature>
            <feature type="Camera" n="14"></feature>
            <feature type="Crypto" n="1"></feature>
            <feature type="DAC" n="2"></feature>
            <feature type="ETH" n="1"></feature>
            <feature type="ExtBus" n="16"></feature>
            <feature type="I2C" n="3"></feature>
            <feature type="I2S" n="2"></feature>
            <feature type="IOs" n="82"></feature>
            <feature type="RNG" n="1"></feature>
            <feature type="RTC" n="32768"></feature>
            <feature type="SDIO" n="1"></feature>
            <feature type="SPI" n="3"></feature>
            <feature type="Temp" n="-40"></feature>
            <feature type="Timer" n="2"></feature>
            <feature type="UART" n="2"></feature>
            <feature type="USART" n="4"></feature>
            <feature type="USBOTG" n="1"></feature>
            <feature type="VCC" n="1.80"></feature>
            <feature type="WDT" n="2"></feature>
        </features>
        <files></files>
    </device>
    <device>
        <name>STM32F217ZE</name>
        <family>STM32F2 Series</family>
        <subfamily>STM32F217</subfamily>
        <core>Cortex-M3</core>
        <clock-freq>120000000</clock-freq>
        <mpu>1</mpu>
        <flags></flags>
        <defines></defines>
        <additional-defines>STM32F217xx</additional-defines>
        <features>
            <feature type="ADC" n="24"></feature>
            <feature type="CAN" n="2"></feature>
            <feature type="Camera" n="14"></feature>
            <feature type="Crypto" n="1"></feature>
            <feature type="DAC" n="2"></feature>
            <feature type="ETH" n="1"></feature>
            <feature type="ExtBus" n="16"></feature>
            <feature type="I2C" n="3"></feature>
            <feature type="I2S" n="2"></feature>
            <feature type="IOs" n="114"></feature>
            <feature type="RNG" n="1"></feature>
            <feature type="RTC" n="32768"></feature>
            <feature type="SDIO" n="1"></feature>
            <feature type="SPI" n="3"></feature>
            <feature type="Temp" n="-40"></feature>
            <feature type="Timer" n="2"></feature>
            <feature type="UART" n="2"></feature>
            <feature type="USART" n="4"></feature>
            <feature type="USBOTG" n="1"></feature>
            <feature type="VCC" n="1.80"></feature>
            <feature type="WDT" n="2"></feature>
        </features>
        <files></files>
    </device>
    <device>
        <name>STM32F217ZG</name>
        <family>STM32F2 Series</family>
        <subfamily>STM32F217</subfamily>
        <core>Cortex-M3</core>
        <clock-freq>120000000</clock-freq>
        <mpu>1</mpu>
        <flags></flags>
        <defines></defines>
        <additional-defines>STM32F217xx</additional-defines>
        <features>
            <feature type="ADC" n="24"></feature>
            <feature type="CAN" n="2"></feature>
            <feature type="Camera" n="14"></feature>
            <feature type="Crypto" n="1"></feature>
            <feature type="DAC" n="2"></feature>
            <feature type="ETH" n="1"></feature>
            <feature type="ExtBus" n="16"></feature>
            <feature type="I2C" n="3"></feature>
            <feature type="I2S" n="2"></feature>
            <feature type="IOs" n="114"></feature>
            <feature type="RNG" n="1"></feature>
            <feature type="RTC" n="32768"></feature>
            <feature type="SDIO" n="1"></feature>
            <feature type="SPI" n="3"></feature>
            <feature type="Temp" n="-40"></feature>
            <feature type="Timer" n="2"></feature>
            <feature type="UART" n="2"></feature>
            <feature type="USART" n="4"></feature>
            <feature type="USBOTG" n="1"></feature>
            <feature type="VCC" n="1.80"></feature>
            <feature type="WDT" n="2"></feature>
        </features>
        <files></files>
    </device>
    <device>
        <name>STM32F217IE</name>
        <family>STM32F2 Series</family>
        <subfamily>STM32F217</subfamily>
        <core>Cortex-M3</core>
        <clock-freq>120000000</clock-freq>
        <mpu>1</mpu>
        <flags></flags>
        <defines></defines>
        <additional-defines>STM32F217xx</additional-defines>
        <features>
            <feature type="ADC" n="24"></feature>
            <feature type="CAN" n="2"></feature>
            <feature type="Camera" n="14"></feature>
            <feature type="Crypto" n="1"></feature>
            <feature type="DAC" n="2"></feature>
            <feature type="ETH" n="1"></feature>
            <feature type="ExtBus" n="16"></feature>
            <feature type="I2C" n="3"></feature>
            <feature type="I2S" n="2"></feature>
            <feature type="IOs" n="140"></feature>
            <feature type="RNG" n="1"></feature>
            <feature type="RTC" n="32768"></feature>
            <feature type="SDIO" n="1"></feature>
            <feature type="SPI" n="3"></feature>
            <feature type="Temp" n="-40"></feature>
            <feature type="Timer" n="2"></feature>
            <feature type="UART" n="2"></feature>
            <feature type="USART" n="4"></feature>
            <feature type="USBOTG" n="1"></feature>
            <feature type="VCC" n="1.80"></feature>
            <feature type="WDT" n="2"></feature>
        </features>
        <files></files>
    </device>
    <device>
        <name>STM32F217IG</name>
        <family>STM32F2 Series</family>
        <subfamily>STM32F217</subfamily>
        <core>Cortex-M3</core>
        <clock-freq>120000000</clock-freq>
        <mpu>1</mpu>
        <flags></flags>
        <defines></defines>
        <additional-defines>STM32F217xx</additional-defines>
        <features>
            <feature type="ADC" n="24"></feature>
            <feature type="CAN" n="2"></feature>
            <feature type="Camera" n="14"></feature>
            <feature type="Crypto" n="1"></feature>
            <feature type="DAC" n="2"></feature>
            <feature type="ETH" n="1"></feature>
            <feature type="ExtBus" n="16"></feature>
            <feature type="I2C" n="3"></feature>
            <feature type="I2S" n="2"></feature>
            <feature type="IOs" n="140"></feature>
            <feature type="RNG" n="1"></feature>
            <feature type="RTC" n="32768"></feature>
            <feature type="SDIO" n="1"></feature>
            <feature type="SPI" n="3"></feature>
            <feature type="Temp" n="-40"></feature>
            <feature type="Timer" n="2"></feature>
            <feature type="UART" n="2"></feature>
            <feature type="USART" n="4"></feature>
            <feature type="USBOTG" n="1"></feature>
            <feature type="VCC" n="1.80"></feature>
            <feature type="WDT" n="2"></feature>
        </features>
        <files></files>
    </device>
</umba-mm-device-info-set>
