<umba-mm-module-info>

    <options>
      <!--options-list type="cpp_includes">./inc</options-list-->
    </options>

    <file>
      <file-path>readme.txt</file-path>
    </file>

    <file>
      <file-path>reserve_size.h</file-path>
    </file>

    <file>
      <file-path>static_list.h</file-path>
    </file>

    <file>
      <file-path>static_cycle_buffer.h</file-path>
    </file>

    <!--
    <file>
      <file-path></file-path>
    </file>
    -->

</umba-mm-module-info>