<umba-mm-module-info>

    <options match-var="Toolchain" match-to="keil-v*/armcc-v*">
      <options-list type="cpp_options">--cpp11</options-list>
    </options>

    <options match-var="Toolchain" match-to="keil-v*/armclang-v*,*/gcc*">
      <options-list type="cpp_options">-std=c++11</options-list>
    </options>

    <!-- Supported since Visual C++ 2013 Update 3 -->
    <options match-var="Toolchain" match-to="msvs-v201*/msc_v*">
      <options-list type="cpp_options">/std:c++14</options-list>
    </options>

    <file>
      <file-path>_readme.txt</file-path>
    </file>

    <file>
      <file-path>protocols_base.h</file-path>
    </file>

    <file>
      <file-path>i_datalink.h</file-path>
    </file>

    <file>
      <file-path>datalink_impl_base.h</file-path>
    </file>

    <file>
      <file-path>i_packet_composer.h</file-path>
    </file>
    <file>
      <file-path>packet_composer_impl_base.h</file-path>
    </file>

    <file>
      <file-path>i_packet_parser.h</file-path>
    </file>
    <file>
      <file-path>packet_parser_impl_base.h</file-path>
    </file>

    <file>
      <file-path>i_raw_data_events.h</file-path>
    </file>

    <file>
      <file-path>i_stream_protocol.h</file-path>
    </file>

    <file>
      <file-path>stream_protocol_impl_base.h</file-path>
    </file>


</umba-mm-module-info>