<umba-mm-module-info>

    <options match-var="Toolchain" match-to="keil-v*/armcc-v*">
      <options-list type="cpp_options">--cpp11</options-list>
    </options>

    <options match-var="Toolchain" match-to="keil-v*/armclang-v*,*/gcc*">
      <options-list type="cpp_options">-std=c++11</options-list>
    </options>

    <!-- Supported since Visual C++ 2013 Update 3 -->
    <options match-var="Toolchain" match-to="msvs-v201*/msc_v*">
      <options-list type="cpp_options">/std:c++14</options-list>
    </options>

    <file>
      <file-path>_readme.txt</file-path>
    </file>

    <file>
      <file-path>_defines.txt</file-path>
    </file>

    <file>
      <file-path>periph.h</file-path>
    </file>

    <file>
      <file-path>stm32_discovery.h</file-path>
    </file>

    <file>
      <file-path>adc.h</file-path>
    </file>

    <file>
      <file-path>dac.h</file-path>
    </file>

    <file>
      <file-path>flash.h</file-path>
    </file>

    <file>
      <file-path>gpio.h</file-path>
    </file>

    <file>
      <file-path>power.h</file-path>
    </file>

    <file>
      <file-path>spi.h</file-path>
    </file>

    <file>
      <file-path>stm32_traits_base.h</file-path>
    </file>

    <file>
      <file-path>stm32_traits.h</file-path>
    </file>

    <file>
      <file-path>stm32_adc.h</file-path>
    </file>

    <file>
      <file-path>stm32_can.h</file-path>
    </file>

    <file>
      <file-path>stm32_dac.h</file-path>
    </file>

    <file>
      <file-path>stm32_dma_base.h</file-path>
    </file>

    <file>
      <file-path>stm32_dma.h</file-path>
    </file>

    <file>
      <file-path>stm32_exti.h</file-path>
    </file>

    <file>
      <file-path>stm32_flash.h</file-path>
    </file>

    <file>
      <file-path>stm32_gpio.h</file-path>
    </file>

    <file>
      <file-path>stm32_i2c.h</file-path>
    </file>

    <file>
      <file-path>stm32_mco.h</file-path>
    </file>

    <file>
      <file-path>stm32_nvic.h</file-path>
    </file>

    <file>
      <file-path>stm32_pinaddrs.h</file-path>
    </file>

    <file>
      <file-path>stm32_pinaddrs_short.h</file-path>
    </file>

    <file>
      <file-path>stm32_spi_base.h</file-path>
    </file>

    <file>
      <file-path>stm32_spi.h</file-path>
    </file>

    <file>
      <file-path>stm32_syscfg.h</file-path>
    </file>

    <file>
      <file-path>stm32_tim.h</file-path>
    </file>

    <file>
      <file-path>stm32_uart.h</file-path>
    </file>

    <file>
      <file-path>stm32_usb.h</file-path>
    </file>

    <file>
      <file-path>unusage.h</file-path>
    </file>

    <!-- file>
      <file-path></file-path>
    </file -->

    <file>
      <file-path>stm32_can.cpp</file-path>
    </file>

    <file>
      <file-path>stm32_dma.cpp</file-path>
    </file>

    <file>
      <file-path>stm32_exti.cpp</file-path>
    </file>

    <file>
      <file-path>stm32_spi.cpp</file-path>
    </file>

    <file>
      <file-path>i_keyboard.h</file-path>
    </file>

    <file>
      <file-path>keyboard.h</file-path>
    </file>

    <file>
      <file-path>keyboard.cpp</file-path>
    </file>

    <file>
      <file-path>keyboard_uart.cpp</file-path>
    </file>

</umba-mm-module-info>