<?xml version="1.0"?>
<texttp>

<include file="stdincludes.xml"/>
<include file="atlincludes.xml"/>
<include file="winincludes.xml"/>
<include file="nixincludes.xml"/>
<include file="c-defines.xml"/>
<include file="cli2.xml"/>


<shortcuts>
    <shortcut name="undone"  file-type="c-src,cpp-src,php-src" template="inline:// UNDONE: @"   keep-indent="true"/>
    <shortcut name="todo"    file-type="c-src,cpp-src,php-src" template="inline:// TODO: @"     keep-indent="true"/>
    <shortcut name="hack"    file-type="c-src,cpp-src,php-src" template="inline:// HACK: @"     keep-indent="true"/>
    <shortcut name="ehack"   file-type="c-src,cpp-src,php-src" template="inline:// HACK END"    keep-indent="true"/>
    <shortcut name="/un"     file-type="c-src,cpp-src,php-src" template="inline:// UNDONE: @"   keep-indent="true"/>
    <shortcut name="/to"     file-type="c-src,cpp-src,php-src" template="inline:// TODO: @"     keep-indent="true"/>
    <shortcut name="/ha"     file-type="c-src,cpp-src,php-src" template="inline:// HACK: @"     keep-indent="true"/>

    <shortcut name="cseparator"  file-type="c-src,cpp-src" template="c-separator-line"/>
    <shortcut name="xseparator"  file-type="c-src,cpp-src" template="cpp-separator-line"/>
    <shortcut name="separator"   file-type="c-src"         template="c-separator-line"/>
    <shortcut name="separator"   file-type="cpp-src"       template="cpp-separator-line"/>
    <shortcut name="cheader"     file-type="c-src,cpp-src" template="file:cheader.h" line-before="true" line-after="true" keep-indent="true"/>
    <shortcut name="namespace"   file-type="c-src,cpp-src" template="file:namespace.cpp" keep-indent="true"/>
    <shortcut name="sclass"      file-type="c-src,cpp-src" template="file:shortcls.cpp" keep-indent="true"/>
    <shortcut name="fclass"      file-type="c-src,cpp-src" template="file:fullcls.cpp" keep-indent="true"/>
    <shortcut name="xstruct"     file-type="c-src,cpp-src" template="file:cxstruct.cpp" keep-indent="true"/>
    <shortcut name="cstruct"     file-type="c-src,cpp-src" template="file:cstruct.cpp" keep-indent="true"/>
    <shortcut name="main"        family="main" file-type="c-src,cpp-src" template="file:main.cpp" keep-indent="true"/>
    <shortcut name="tmain"       family="main" file-type="c-src,cpp-src" template="file:tmain.cpp" keep-indent="true"/>
    <shortcut name="cfunction"   file-type="c-src,cpp-src" template="c-function" keep-indent="true"/>
    <shortcut name="xfunction"   file-type="c-src,cpp-src" template="cpp-function" keep-indent="true"/>


    <!--shortcut name="//"          file-type="c-src"         template="c-comment"/>
    <shortcut name="//"          file-type="cpp-src"       template="cpp-comment"/>
    <shortcut name="/*"          file-type="c-src,cpp-src" template="c-comment"/>

    <shortcut name="constcast"   file-type="c-src,cpp-src" template="const_cast" keep-indent="true"/>
    <shortcut name="staticcast"  file-type="c-src,cpp-src" template="static_cast" keep-indent="true"/>
    <shortcut name="dynamiccast" file-type="c-src,cpp-src" template="dynamic_cast" keep-indent="true"/>
    <shortcut name="sizeof"      file-type="c-src,cpp-src" template="sizeof" keep-indent="true"/>
    <shortcut name="sizetype"    file-type="c-src,cpp-src" template="size_type" keep-indent="true"/>
    <shortcut name="typesize"    file-type="c-src,cpp-src" template="size_type" keep-indent="true"/>
    <shortcut name="cout"        file-type="c-src,cpp-src" template="std-cout" keep-indent="true"/>
    <shortcut name="iterator"    file-type="c-src,cpp-src" template="iterator" keep-indent="true"/>
    <shortcut name="citerator"   file-type="c-src,cpp-src" template="const_iterator" keep-indent="true"/>
    <shortcut name="string"      file-type="c-src,cpp-src" template="std-string" keep-indent="true"/>
    <shortcut name="vector"      file-type="c-src,cpp-src" template="std-vector" keep-indent="true"/>
    <shortcut name="svector"     file-type="c-src,cpp-src" template="std-string-vector" keep-indent="true"/>
    <shortcut name="map"         file-type="c-src,cpp-src" template="std-map" keep-indent="true"/>
    <shortcut name="smap"        file-type="c-src,cpp-src" template="std-string-map" keep-indent="true"/-->

    <shortcut name="//"          file-type="c-src"         template="inline:/* @ */"/>
    <shortcut name="//"          file-type="cpp-src"       template="inline:// @ "/>
    <shortcut name="/*"          file-type="c-src,cpp-src" template="inline:/* @ */"/>
    <!-- doxygen -->
    <shortcut name="d/*"         file-type="c-src,cpp-src" template="doxygen-cpp-comment" keep-indent="true"/>
    <shortcut name="d/&lt;"      file-type="c-src,cpp-src" template="doxygen-cpp-member-info" keep-indent="true"/>
    <shortcut name="dxc"         file-type="c-src,cpp-src" template="doxygen-cpp-comment" keep-indent="true"/>
    <shortcut name="dxm"         file-type="c-src,cpp-src" template="doxygen-cpp-member-info" keep-indent="true"/>

    <shortcut name="d!*"         file-type="c-src,cpp-src" template="doxygen-qt-comment" keep-indent="true"/>
    <shortcut name="d!&lt;"      file-type="c-src,cpp-src" template="doxygen-qt-member-info" keep-indent="true"/>
    <shortcut name="dqc"         file-type="c-src,cpp-src" template="doxygen-qt-comment" keep-indent="true"/>
    <shortcut name="dqm"         file-type="c-src,cpp-src" template="doxygen-qt-member-info" keep-indent="true"/>

    <shortcut name="d**"         file-type="c-src,cpp-src" template="doxygen-javadoc-comment" keep-indent="true"/>
    <shortcut name="d*&lt;"      file-type="c-src,cpp-src" template="doxygen-javadoc-member-info" keep-indent="true"/>
    <shortcut name="djc"         file-type="c-src,cpp-src" template="doxygen-javadoc-comment" keep-indent="true"/>
    <shortcut name="djm"         file-type="c-src,cpp-src" template="doxygen-javadoc-member-info" keep-indent="true"/>

    <shortcut name="constcast"   family="cast" file-type="c-src,cpp-src" template="inline:const_cast&lt;@&gt;()" keep-indent="true"/>
    <shortcut name="staticcast"  family="cast" file-type="c-src,cpp-src" template="inline:static_cast&lt;@&gt;()" keep-indent="true"/>
    <shortcut name="dynamiccast" family="cast" file-type="c-src,cpp-src" template="inline:dynamic_cast&lt;@&gt;()" keep-indent="true"/>
    <shortcut name="sizeof"      file-type="c-src,cpp-src" template="inline:sizeof(@)" keep-indent="true"/>
    <shortcut name="sizetype"    file-type="c-src,cpp-src" template="inline:size_type @" keep-indent="true"/>
    <shortcut name="typesize"    file-type="c-src,cpp-src" template="inline:size_type @" keep-indent="true"/>
    <shortcut name="sizetype"    file-type="c-src,cpp-src" template="inline:size_type @" keep-indent="true"/>
    <shortcut name="cout"        file-type="c-src,cpp-src" template="inline:::std::cout&lt;&lt;@" keep-indent="true"/>
    <shortcut name="const_iterator" family="it" file-type="c-src,cpp-src" template="inline:const_iterator @" keep-indent="true"/>
    <shortcut name="citerator"      family="it" file-type="c-src,cpp-src" template="inline:const_iterator @" keep-indent="true"/>
    <shortcut name="iterator"       family="it" file-type="c-src,cpp-src" template="inline:iterator @" keep-indent="true"/>
    <shortcut name="string"      file-type="c-src,cpp-src" template="inline:::std::string@" keep-indent="true"/>
    <shortcut name="tstring"     file-type="c-src,cpp-src" template="inline:tstring@" keep-indent="true"/>
    <shortcut name="ctstring"    file-type="c-src,cpp-src" template="inline:_T(&quot;@&quot;)" keep-indent="true"/>
    <shortcut name="ctchar"      file-type="c-src,cpp-src" template="inline:_T(&apos;@&apos;)" keep-indent="true"/>
    <shortcut name="_TS"         file-type="c-src,cpp-src" template="inline:_T(&quot;@&quot;)" keep-indent="true"/>
    <shortcut name="_TC"         file-type="c-src,cpp-src" template="inline:_T(&apos;@&apos;)" keep-indent="true"/>
    <shortcut name="vector"      family="vec" file-type="c-src,cpp-src" template="inline:::std::vector&lt; @ &gt;" keep-indent="true"/>
    <shortcut name="svector"     family="vec" file-type="c-src,cpp-src" template="inline:::std::vector&lt; ::std::string &gt; @" keep-indent="true"/>
    <shortcut name="vectorstr"   family="vec" file-type="c-src,cpp-src" template="inline:::std::vector&lt; ::std::string &gt; @" keep-indent="true"/>
    <shortcut name="vectorwstr"  family="vec" file-type="c-src,cpp-src" template="inline:::std::vector&lt; ::std::wstring &gt; @" keep-indent="true"/>
    <shortcut name="vectortstr"  family="vec" file-type="c-src,cpp-src" template="inline:::std::vector&lt; tstring &gt; @" keep-indent="true"/>
    <shortcut name="map"         family="map" file-type="c-src,cpp-src" template="inline:::std::map&lt; @, &gt;" keep-indent="true"/>
    <shortcut name="smap"        family="map" file-type="c-src,cpp-src" template="inline:::std::map&lt; ::std::string, @ &gt;" keep-indent="true"/>
    <shortcut name="mapstr"      family="map" file-type="c-src,cpp-src" template="inline:::std::map&lt; ::std::string, @ &gt;" keep-indent="true"/>
    <shortcut name="mapwstr"     family="map" file-type="c-src,cpp-src" template="inline:::std::map&lt; ::std::wstring, @ &gt;" keep-indent="true"/>
    <shortcut name="maptstr"     family="map" file-type="c-src,cpp-src" template="inline:::std::map&lt; tstring, @ &gt;" keep-indent="true"/>
    <shortcut name="set"         family="set" file-type="c-src,cpp-src" template="inline:::std::set&lt; @ &gt;" keep-indent="true"/>
    <shortcut name="sset"        family="set" file-type="c-src,cpp-src" template="inline:::std::set&lt; ::std::string &gt; @" keep-indent="true"/>
    <shortcut name="setstr"      family="set" file-type="c-src,cpp-src" template="inline:::std::set&lt; ::std::string &gt; @" keep-indent="true"/>
    <shortcut name="setwstr"     family="set" file-type="c-src,cpp-src" template="inline:::std::set&lt; ::std::wstring &gt; @" keep-indent="true"/>
    <shortcut name="settstr"     family="set" file-type="c-src,cpp-src" template="inline:::std::set&lt; tstring &gt; @" keep-indent="true"/>

    <shortcut name="if"          file-type="c-src,cpp-src" template="if-c-statement" keep-indent="true"/>
    <shortcut name="elif"        file-type="c-src,cpp-src" template="if-else-c-statement" keep-indent="true"/>
    <shortcut name="for"         file-type="c-src,cpp-src" template="for-c-statement" keep-indent="true"/>
    <shortcut name="while"       file-type="c-src,cpp-src" template="while-c-statement" keep-indent="true"/>
    <shortcut name="switch"      file-type="c-src,cpp-src" template="switch-c-statement" keep-indent="true"/>
    <!--shortcut name=""   file-type="c-src,cpp-src" template="" keep-indent="true"/-->

    <shortcut name="defcount"       file-type="c-src,cpp-src" template="c-define-count"        keep-indent="true"/>
    <shortcut name="defsizeofarray" file-type="c-src,cpp-src" template="c-define-sizeof-array" keep-indent="true"/>
    <shortcut name="COUNT"          file-type="c-src,cpp-src" template="c-define-count"        keep-indent="true"/>
    <shortcut name="SIZEOFARRAY"    file-type="c-src,cpp-src" template="c-define-sizeof-array" keep-indent="true"/>
    <shortcut name="deftstring"     file-type="c-src,cpp-src" template="cpp-typedef-tstring"   keep-indent="true"/>
    <shortcut name="pragmaregion"   file-type="c-src,cpp-src" template="pragma-region"         keep-indent="true"/>
    <shortcut name="regionpragma"   file-type="c-src,cpp-src" template="pragma-region"         keep-indent="true"/>


    <shortcut name="iclipboard"   file-type="c-src,cpp-src" template="c-include-clipboard" keep-indent="true"/>    


    <!-- CRT, STL includes -->
    <shortcut name="ialgorithm"   family="#iistd" file-type="c-src,cpp-src" template="cpp-include-algorithm"  line-after="true" keep-indent="true"/>
    <shortcut name="ibitset"      family="#iistd" file-type="c-src,cpp-src" template="cpp-include-bitset"     line-after="true" keep-indent="true"/>
    <shortcut name="icassert"     family="#iistd" file-type="c-src,cpp-src" template="cpp-include-cassert"    line-after="true" keep-indent="true"/>
    <shortcut name="ihassert"     family="#iih"   file-type="c-src,cpp-src" template="c-include-assert.h"     line-after="true" keep-indent="true"/>
    <shortcut name="icctype"      family="#iistd" file-type="c-src,cpp-src" template="cpp-include-ctype"      line-after="true" keep-indent="true"/>
    <shortcut name="ihctype"      family="#iih"   file-type="c-src,cpp-src" template="c-include-ctype.h"      line-after="true" keep-indent="true"/>
    <shortcut name="icerrno"      family="#iistd" file-type="c-src,cpp-src" template="cpp-include-cerrno"     line-after="true" keep-indent="true"/>
    <shortcut name="iherrno"      family="#iih"   file-type="c-src,cpp-src" template="c-include-errno.h"      line-after="true" keep-indent="true"/>
    <shortcut name="icfloat"      family="#iistd" file-type="c-src,cpp-src" template="cpp-include-cfloat"     line-after="true" keep-indent="true"/>
    <shortcut name="ihfloat"      family="#iih"   file-type="c-src,cpp-src" template="c-include-float.h"      line-after="true" keep-indent="true"/>
    <shortcut name="iciso646"     family="#iistd" file-type="c-src,cpp-src" template="cpp-include-ciso646"    line-after="true" keep-indent="true"/>
    <shortcut name="ihiso646"     family="#iih"   file-type="c-src,cpp-src" template="c-include-iso646.h"     line-after="true" keep-indent="true"/>
    <shortcut name="iclimits"     family="#iistd" file-type="c-src,cpp-src" template="cpp-include-climits"    line-after="true" keep-indent="true"/>
    <shortcut name="ihlimits"     family="#iih"   file-type="c-src,cpp-src" template="c-include-limits.h"     line-after="true" keep-indent="true"/>
    <shortcut name="iclocale"     family="#iistd" file-type="c-src,cpp-src" template="cpp-include-clocale"    line-after="true" keep-indent="true"/>
    <shortcut name="ihlocale"     family="#iih"   file-type="c-src,cpp-src" template="c-include-locale.h"     line-after="true" keep-indent="true"/>
    <shortcut name="icmath"       family="#iistd" file-type="c-src,cpp-src" template="cpp-include-cmath"      line-after="true" keep-indent="true"/>
    <shortcut name="ihmath"       family="#iih"   file-type="c-src,cpp-src" template="c-include-math.h"       line-after="true" keep-indent="true"/>
    <shortcut name="ihmalloc"     family="#iih"   file-type="c-src,cpp-src" template="c-include-malloc.h"     line-after="true" keep-indent="true"/>
    <shortcut name="icomplex"     family="#iistd" file-type="c-src,cpp-src" template="cpp-include-complex"    line-after="true" keep-indent="true"/>
    <shortcut name="icsetjmp"     family="#iistd" file-type="c-src,cpp-src" template="cpp-include-csetjmp"    line-after="true" keep-indent="true"/>
    <shortcut name="ihsetjmp"     family="#iih"   file-type="c-src,cpp-src" template="c-include-setjmp.h"     line-after="true" keep-indent="true"/>
    <shortcut name="icsignal"     family="#iistd" file-type="c-src,cpp-src" template="cpp-include-csignal"    line-after="true" keep-indent="true"/>
    <shortcut name="ihsignal"     family="#iih"   file-type="c-src,cpp-src" template="c-include-signal.h"     line-after="true" keep-indent="true"/>
    <shortcut name="iprocess.h"   family="#iih"   file-type="c-src,cpp-src" template="c-include-process.h"    line-after="true" keep-indent="true"/>
    <shortcut name="icstdarg"     family="#iistd" file-type="c-src,cpp-src" template="cpp-include-cstdarg"    line-after="true" keep-indent="true"/>
    <shortcut name="ihstdarg"     family="#iih"   file-type="c-src,cpp-src" template="c-include-stdarg.h"     line-after="true" keep-indent="true"/>
    <shortcut name="icstddef"     family="#iistd" file-type="c-src,cpp-src" template="cpp-include-cstddef"    line-after="true" keep-indent="true"/>
    <shortcut name="ihstddef"     family="#iih"   file-type="c-src,cpp-src" template="c-include-stddef.h"     line-after="true" keep-indent="true"/>
    <shortcut name="icstdio"      family="#iistd" file-type="c-src,cpp-src" template="cpp-include-cstdio"     line-after="true" keep-indent="true"/>
    <shortcut name="ihstdio"      family="#iih"   file-type="c-src,cpp-src" template="c-include-stdio.h"      line-after="true" keep-indent="true"/>
    <shortcut name="icstdlib"     family="#iistd" file-type="c-src,cpp-src" template="cpp-include-cstdlib"    line-after="true" keep-indent="true"/>
    <shortcut name="ihstdlib"     family="#iih"   file-type="c-src,cpp-src" template="c-include-stdlib.h"     line-after="true" keep-indent="true"/>
    <shortcut name="icstring"     family="#iistd" file-type="c-src,cpp-src" template="cpp-include-cstring"    line-after="true" keep-indent="true"/>
    <shortcut name="ihstring"     family="#iih"   file-type="c-src,cpp-src" template="c-include-string.h"     line-after="true" keep-indent="true"/>
    <shortcut name="ictime"       family="#iistd" file-type="c-src,cpp-src" template="cpp-include-ctime"      line-after="true" keep-indent="true"/>
    <shortcut name="ihtime"       family="#iih"   file-type="c-src,cpp-src" template="c-include-time.h"       line-after="true" keep-indent="true"/>
    <shortcut name="icwchar"      family="#iistd" file-type="c-src,cpp-src" template="cpp-include-cwchar"     line-after="true" keep-indent="true"/>
    <shortcut name="ihwchar"      family="#iih"   file-type="c-src,cpp-src" template="c-include-wchar.h"      line-after="true" keep-indent="true"/>
    <shortcut name="ihtchar"      family="#iih"   file-type="c-src,cpp-src" template="c-include-tchar.h"      line-after="true" keep-indent="true"/>
    <shortcut name="icwctype"     family="#iistd" file-type="c-src,cpp-src" template="cpp-include-cwctype"    line-after="true" keep-indent="true"/>
    <shortcut name="ideque"       family="#iistd" file-type="c-src,cpp-src" template="cpp-include-deque"      line-after="true" keep-indent="true"/>
    <shortcut name="iexception"   family="#iistd" file-type="c-src,cpp-src" template="cpp-include-exception"  line-after="true" keep-indent="true"/>
    <shortcut name="ifstream"     family="#iistd" file-type="c-src,cpp-src" template="cpp-include-fstream"    line-after="true" keep-indent="true"/>
    <shortcut name="ifunctional"  family="#iistd" file-type="c-src,cpp-src" template="cpp-include-functional" line-after="true" keep-indent="true"/>
    <!--shortcut name="ihash_map"    file-type="c-src,cpp-src" template="cpp-include-hash_map"   line-after="true" keep-indent="true"/>
    <shortcut name="ihash_set"    file-type="c-src,cpp-src" template="cpp-include-hash_set"   line-after="true" keep-indent="true"/-->
    <shortcut name="iiomanip"     family="#iistd" file-type="c-src,cpp-src" template="cpp-include-iomanip"    line-after="true" keep-indent="true"/>
    <shortcut name="iios"         family="#iistd" file-type="c-src,cpp-src" template="cpp-include-ios"        line-after="true" keep-indent="true"/>
    <shortcut name="iiosfwd"      family="#iistd" file-type="c-src,cpp-src" template="cpp-include-iosfwd"     line-after="true" keep-indent="true"/>
    <shortcut name="iiostream"    family="#iistd" file-type="c-src,cpp-src" template="cpp-include-iostream"   line-after="true" keep-indent="true"/>
    <shortcut name="iistream "    family="#iistd" file-type="c-src,cpp-src" template="cpp-include-istream"    line-after="true" keep-indent="true"/>
    <shortcut name="iiterator"    family="#iistd" file-type="c-src,cpp-src" template="cpp-include-iterator"   line-after="true" keep-indent="true"/>
    <shortcut name="ilimits"      family="#iistd" file-type="c-src,cpp-src" template="cpp-include-limits"     line-after="true" keep-indent="true"/>
    <shortcut name="ilist"        family="#iistd" file-type="c-src,cpp-src" template="cpp-include-list"       line-after="true" keep-indent="true"/>
    <shortcut name="ilocale"      family="#iistd" file-type="c-src,cpp-src" template="cpp-include-locale"     line-after="true" keep-indent="true"/>
    <shortcut name="imap"         family="#iistd" file-type="c-src,cpp-src" template="cpp-include-map"        line-after="true" keep-indent="true"/>
    <shortcut name="imemory"      family="#iistd" file-type="c-src,cpp-src" template="cpp-include-memory"     line-after="true" keep-indent="true"/>
    <shortcut name="ihmemory"     family="#iih"   file-type="c-src,cpp-src" template="c-include-memory.h"     line-after="true" keep-indent="true"/>
    <shortcut name="inew"         family="#iistd" file-type="c-src,cpp-src" template="cpp-include-new"        line-after="true" keep-indent="true"/>
    <shortcut name="inumeric"     family="#iistd" file-type="c-src,cpp-src" template="cpp-include-numeric"    line-after="true" keep-indent="true"/>
    <shortcut name="iostream"     family="#iistd" file-type="c-src,cpp-src" template="cpp-include-ostream"    line-after="true" keep-indent="true"/>
    <shortcut name="iqueue"       family="#iistd" file-type="c-src,cpp-src" template="cpp-include-queue"      line-after="true" keep-indent="true"/>
    <shortcut name="iset"         family="#iistd" file-type="c-src,cpp-src" template="cpp-include-set"        line-after="true" keep-indent="true"/>
    <shortcut name="isstream"     family="#iistd" file-type="c-src,cpp-src" template="cpp-include-sstream"    line-after="true" keep-indent="true"/>
    <shortcut name="istack"       family="#iistd" file-type="c-src,cpp-src" template="cpp-include-stack"      line-after="true" keep-indent="true"/>
    <shortcut name="istdexcept"   family="#iistd" file-type="c-src,cpp-src" template="cpp-include-stdexcept"  line-after="true" keep-indent="true"/>
    <shortcut name="istreambuf"   family="#iistd" file-type="c-src,cpp-src" template="cpp-include-streambuf"  line-after="true" keep-indent="true"/>
    <shortcut name="istring"      family="#iistd" file-type="c-src,cpp-src" template="cpp-include-string"     line-after="true" keep-indent="true"/>
    <shortcut name="istrstream"   family="#iistd" file-type="c-src,cpp-src" template="cpp-include-strstream"  line-after="true" keep-indent="true"/>
    <shortcut name="itypeinfo"    family="#iistd" file-type="c-src,cpp-src" template="cpp-include-typeinfo"   line-after="true" keep-indent="true"/>
    <shortcut name="iutility"     family="#iistd" file-type="c-src,cpp-src" template="cpp-include-utility"    line-after="true" keep-indent="true"/>
    <shortcut name="ivalarray"    family="#iistd" file-type="c-src,cpp-src" template="cpp-include-valarray"   line-after="true" keep-indent="true"/>
    <shortcut name="ivector"      family="#iistd" file-type="c-src,cpp-src" template="cpp-include-vector"     line-after="true" keep-indent="true"/>
    <!-- Windows includes -->
    <shortcut name="i1pack"       family="#iiwin" file-type="c-src,cpp-src" template="win-include-pshpack1.h"  line-after="true" keep-indent="true"/>
    <shortcut name="i2pack"       family="#iiwin" file-type="c-src,cpp-src" template="win-include-pshpack2.h"  line-after="true" keep-indent="true"/>
    <shortcut name="i4pack"       family="#iiwin" file-type="c-src,cpp-src" template="win-include-pshpack4.h"  line-after="true" keep-indent="true"/>
    <shortcut name="i8pack"       family="#iiwin" file-type="c-src,cpp-src" template="win-include-pshpack8.h"  line-after="true" keep-indent="true"/>
    <shortcut name="ipoppack"     family="#iiwin" file-type="c-src,cpp-src" template="win-include-poppack.h"  line-after="true" keep-indent="true"/>
    <shortcut name="iwindows.h"   family="#iiwin" file-type="c-src,cpp-src" template="win-include-windows.h"  line-after="true" keep-indent="true"/>
    <shortcut name="ixwindowsx.h" family="#iiwin" file-type="c-src,cpp-src" template="win-include-windowsx.h" line-after="true" keep-indent="true"/>
    <shortcut name="iwindef.h"    family="#iiwin" file-type="c-src,cpp-src" template="win-include-windef.h"   line-after="true" keep-indent="true"/>
    <shortcut name="iwinerror.h"  family="#iiwin" file-type="c-src,cpp-src" template="win-include-winerror.h" line-after="true" keep-indent="true"/>
    <shortcut name="iwingdi.h"    family="#iiwin" file-type="c-src,cpp-src" template="win-include-wingdi.h"   line-after="true" keep-indent="true"/>
    <shortcut name="iwinsock2.h"  family="#iiwin" file-type="c-src,cpp-src" template="win-include-winsock2.h" line-after="true" keep-indent="true"/>
    <shortcut name="iwinbase.h"   family="#iiwin" file-type="c-src,cpp-src" template="win-include-winbase.h"  line-after="true" keep-indent="true"/>
    <shortcut name="iwincon.h"    family="#iiwin" file-type="c-src,cpp-src" template="win-include-wincon.h"   line-after="true" keep-indent="true"/>
    <shortcut name="iwininet.h"   family="#iiwin" file-type="c-src,cpp-src" template="win-include-wininet.h"  line-after="true" keep-indent="true"/>
    <shortcut name="iwinnt.h"     family="#iiwin" file-type="c-src,cpp-src" template="win-include-winnt.h"    line-after="true" keep-indent="true"/>
    <shortcut name="iwinreg.h"    family="#iiwin" file-type="c-src,cpp-src" template="win-include-winreg.h"   line-after="true" keep-indent="true"/>
    <shortcut name="iwinsvc.h"    family="#iiwin" file-type="c-src,cpp-src" template="win-include-winsvc.h"   line-after="true" keep-indent="true"/>
    <shortcut name="iwinver.h"    family="#iiwin" file-type="c-src,cpp-src" template="win-include-winver.h"   line-after="true" keep-indent="true"/>
    <shortcut name="icommctrl.h"  family="#iiwin" file-type="c-src,cpp-src" template="win-include-commctrl.h" line-after="true" keep-indent="true"/>
    <shortcut name="icommdlg.h"   family="#iiwin" file-type="c-src,cpp-src" template="win-include-commdlg.h"  line-after="true" keep-indent="true"/>
    <shortcut name="iobjbase.h"   family="#iiwin" file-type="c-src,cpp-src" template="win-include-objbase.h"  line-after="true" keep-indent="true"/>
    <shortcut name="ishellapi.h"  family="#iiwin" file-type="c-src,cpp-src" template="win-include-shellapi.h" line-after="true" keep-indent="true"/>
    <shortcut name="ishfolder.h"  family="#iiwin" file-type="c-src,cpp-src" template="win-include-shfolder.h" line-after="true" keep-indent="true"/>
    <shortcut name="ishlguid.h"   family="#iiwin" file-type="c-src,cpp-src" template="win-include-shlguid.h"  line-after="true" keep-indent="true"/>
    <shortcut name="ishlobj.h"    family="#iiwin" file-type="c-src,cpp-src" template="win-include-shlobj.h"   line-after="true" keep-indent="true"/>
    <shortcut name="ishlwapi.h"   family="#iiwin" file-type="c-src,cpp-src" template="win-include-shlwapi.h"  line-after="true" keep-indent="true"/>
    
    <!-- ATL headers -->   
    <shortcut name="iatlbase.h"   family="#iiatl" file-type="c-src,cpp-src" template="atl-include-atlbase.h"   line-after="true" keep-indent="true"/>
    <shortcut name="iatlcom.h"    family="#iiatl" file-type="c-src,cpp-src" template="atl-include-atlcom.h"    line-after="true" keep-indent="true"/>
    <shortcut name="iatlconv.h"   family="#iiatl" file-type="c-src,cpp-src" template="atl-include-atlconv.h"   line-after="true" keep-indent="true"/>
    <shortcut name="iatlcore.h"   family="#iiatl" file-type="c-src,cpp-src" template="atl-include-atlcore.h"   line-after="true" keep-indent="true"/>
    <shortcut name="iatlctl.h"    family="#iiatl" file-type="c-src,cpp-src" template="atl-include-atlctl.h"    line-after="true" keep-indent="true"/>
    <shortcut name="iatlcur.h"    family="#iiatl" file-type="c-src,cpp-src" template="atl-include-atlcur.h"    line-after="true" keep-indent="true"/>
    <shortcut name="iatldb.h"     family="#iiatl" file-type="c-src,cpp-src" template="atl-include-atldb.h"     line-after="true" keep-indent="true"/>
    <shortcut name="iatldef.h"    family="#iiatl" file-type="c-src,cpp-src" template="atl-include-atldef.h"    line-after="true" keep-indent="true"/>
    <shortcut name="iatlenc.h"    family="#iiatl" file-type="c-src,cpp-src" template="atl-include-atlenc.h"    line-after="true" keep-indent="true"/>
    <shortcut name="iatlexcept.h" family="#iiatl" file-type="c-src,cpp-src" template="atl-include-atlexcept.h" line-after="true" keep-indent="true"/>
    <shortcut name="iatlfile.h"   family="#iiatl" file-type="c-src,cpp-src" template="atl-include-atlfile.h"   line-after="true" keep-indent="true"/>
    <shortcut name="iatlhost.h"   family="#iiatl" file-type="c-src,cpp-src" template="atl-include-atlhost.h"   line-after="true" keep-indent="true"/>
    <shortcut name="iatlstr.h"    family="#iiatl" file-type="c-src,cpp-src" template="atl-include-atlstr.h"    line-after="true" keep-indent="true"/>
    <shortcut name="iatltrace.h"  family="#iiatl" file-type="c-src,cpp-src" template="atl-include-atltrace.h"  line-after="true" keep-indent="true"/>
    <shortcut name="iatltypes.h"  family="#iiatl" file-type="c-src,cpp-src" template="atl-include-atltypes.h"  line-after="true" keep-indent="true"/>
    <shortcut name="iatlutil.h"   family="#iiatl" file-type="c-src,cpp-src" template="atl-include-atlutil.h"   line-after="true" keep-indent="true"/>
    <shortcut name="iatlwin.h"    family="#iiatl" file-type="c-src,cpp-src" template="atl-include-atlwin.h"    line-after="true" keep-indent="true"/>

    <!-- ATL/WTL headers -->   
    <shortcut name="iatlapp.h"    family="#iiatl" file-type="c-src,cpp-src" template="atl-include-atlapp.h"    line-after="true" keep-indent="true"/>
    <shortcut name="iatlcrack.h"  family="#iiatl" file-type="c-src,cpp-src" template="atl-include-atlcrack.h"  line-after="true" keep-indent="true"/>
    <shortcut name="iatlctrls.h"  family="#iiatl" file-type="c-src,cpp-src" template="atl-include-atlctrls.h"  line-after="true" keep-indent="true"/>
    <shortcut name="iatlctrlx.h"  family="#iiatl" file-type="c-src,cpp-src" template="atl-include-atlctrlx.h"  line-after="true" keep-indent="true"/>
    <shortcut name="iatlctrlw.h"  family="#iiatl" file-type="c-src,cpp-src" template="atl-include-atlctrlw.h"  line-after="true" keep-indent="true"/>
    <shortcut name="iatlddx.h"    family="#iiatl" file-type="c-src,cpp-src" template="atl-include-atlddx.h"    line-after="true" keep-indent="true"/>
    <shortcut name="iatldlgs.h"   family="#iiatl" file-type="c-src,cpp-src" template="atl-include-atldlgs.h"   line-after="true" keep-indent="true"/>
    <shortcut name="iatlframe.h"  family="#iiatl" file-type="c-src,cpp-src" template="atl-include-atlframe.h"  line-after="true" keep-indent="true"/>
    <shortcut name="iatlgdi.h"    family="#iiatl" file-type="c-src,cpp-src" template="atl-include-atlgdi.h"    line-after="true" keep-indent="true"/>
    <shortcut name="iatlxgdi.h"   family="#iiatl" file-type="c-src,cpp-src" template="atl-include-atlgdix.h"   line-after="true" keep-indent="true"/>
    <shortcut name="iatlmisc.h"   family="#iiatl" file-type="c-src,cpp-src" template="atl-include-atlmisc.h"   line-after="true" keep-indent="true"/>
    <shortcut name="iatlprint.h"  family="#iiatl" file-type="c-src,cpp-src" template="atl-include-atlprint.h"  line-after="true" keep-indent="true"/>
    <shortcut name="iatlres.h"    family="#iiatl" file-type="c-src,cpp-src" template="atl-include-atlres.h"    line-after="true" keep-indent="true"/>
    <shortcut name="iatlscrl.h"   family="#iiatl" file-type="c-src,cpp-src" template="atl-include-atlscrl.h"   line-after="true" keep-indent="true"/>
    <shortcut name="iatlsplit.h"  family="#iiatl" file-type="c-src,cpp-src" template="atl-include-atlsplit.h"  line-after="true" keep-indent="true"/>
    <shortcut name="iatltheme.h"  family="#iiatl" file-type="c-src,cpp-src" template="atl-include-atltheme.h"  line-after="true" keep-indent="true"/>
    <shortcut name="iatluser.h"   family="#iiatl" file-type="c-src,cpp-src" template="atl-include-atluser.h"   line-after="true" keep-indent="true"/>
    <shortcut name="iatlwinx.h"   family="#iiatl" file-type="c-src,cpp-src" template="atl-include-atlwinx.h"   line-after="true" keep-indent="true"/>


    <!-- Some *nix headers -->   
    <shortcut name="idirent.h"    family="#iiuni" file-type="c-src,cpp-src" template="nix-include-dirent.h"     line-after="true" keep-indent="true"/>
    <shortcut name="iunistd.h"    family="#iiuni" file-type="c-src,cpp-src" template="nix-include-unistd.h"     line-after="true" keep-indent="true"/>
    <shortcut name="isysstat.h"   family="#iiuni" file-type="c-src,cpp-src" template="nix-include-sys/stat.h"   line-after="true" keep-indent="true"/>
    <shortcut name="isystypes.h"  family="#iiuni" file-type="c-src,cpp-src" template="nix-include-sys/types.h"  line-after="true" keep-indent="true"/>
    <shortcut name="isystime.h"   family="#iiuni" file-type="c-src,cpp-src" template="nix-include-sys/time.h"   line-after="true" keep-indent="true"/>
    <shortcut name="isyssocket.h" family="#iiuni" file-type="c-src,cpp-src" template="nix-include-sys/socket.h" line-after="true" keep-indent="true"/>
    <shortcut name="isysselect.h" family="#iiuni" file-type="c-src,cpp-src" template="nix-include-sys/select.h" line-after="true" keep-indent="true"/>
    <shortcut name="isyspoll.h"   family="#iiuni" file-type="c-src,cpp-src" template="nix-include-sys/poll.h"   line-after="true" keep-indent="true"/>
    <shortcut name="ifcntl.h"     family="#iiuni" file-type="c-src,cpp-src" template="nix-include-fcntl.h"      line-after="true" keep-indent="true"/>
    <shortcut name="inetinetin.h" family="#iiuni" file-type="c-src,cpp-src" template="nix-include-netinet/in.h" line-after="true" keep-indent="true"/>
    <shortcut name="iarpainet.h"  family="#iiuni" file-type="c-src,cpp-src" template="nix-include-arpa/inet.h"  line-after="true" keep-indent="true"/>
    <shortcut name="ipthread.h"   family="#iiuni" file-type="c-src,cpp-src" template="nix-include-pthread.h"    line-after="true" keep-indent="true"/>
    <shortcut name="isemaphore.h" family="#iiuni" file-type="c-src,cpp-src" template="nix-include-semaphore.h"  line-after="true" keep-indent="true"/>






    <!--shortcut name=""  file-type="c-src,cpp-src" template="" line-before="true" line-after="true" keep-indent="true"/-->

</shortcuts>



<!-- CPP Headers defines check order MSVC, BCB6, BCB<6, GCC3.4 from MinGW5, GCC3.2.3 -->

<templates>

<!--template name=""></template-->
<!--template name="const_cast">const_cast&lt;@&gt;()</template>
<template name="static_cast">static_cast&lt;@&gt;()</template>
<template name="dynamic_cast">dynamic_cast&lt;@&gt;()</template>
<template name="sizeof">sizeof(@)</template>
<template name="size_type">size_type @</template>
<template name="std-cout">std::cout&lt;&lt;@</template>
<template name="iterator">iterator @</template>
<template name="const_iterator">const_iterator @</template>
<template name="std-string">std::string@</template>
<template name="std-vector">std::vector&lt;@&gt;</template>
<template name="std-string-vector">std::vector&lt;std::string&gt;@</template>
<template name="std-map">std::map&lt;@, &gt;</template>
<template name="std-string-map">std::map&lt;std::string, @&gt;</template>
<template name="c-comment">/* @ */</template>
<template name="cpp-comment">// @ </template-->
<template name="cpp-separator-line"><![CDATA[//-----------------------------------------------------------------------------

]]>
</template>
<template name="c-separator-line"  ><![CDATA[/*---------------------------------------------------------------------------*/

]]>
</template>

<template name="c-include-clipboard">
<![CDATA[
#if !defined($_CLIPBOARD_$)
    #include "$_clipboard_$"
#endif
]]>
</template>

<template name="c-function"  >
<![CDATA[

/*---------------------------------------------------------------------------*/
void $FunctionName$()
   {
    @
   }
]]>
</template>

<template name="cpp-function"  >
<![CDATA[

//-----------------------------------------------------------------------------
void $FunctionName$()
   {
    @
   }
]]>
</template>

<template name="if-c-statement"  >
<![CDATA[
if (@)
   {
    
   }
]]>
</template>

<template name="if-else-c-statement"  >
<![CDATA[
if (@)
   {
    
   }
else
   {
    
   }
]]>
</template>

<template name="for-c-statement"  >
<![CDATA[
for(;@;)
   {
    
   }
]]>
</template>

<template name="while-c-statement"  >
<![CDATA[
while(@)
   {
    
   }
]]>
</template>

<template name="switch-c-statement"  >
<![CDATA[
switch(@)
   {
    case :  
            break;
    case :  
            break;
    default:            
   }
]]>
</template>


<template name="doxygen-qt-comment"  >
<![CDATA[
//! @
/*!
 *
 */

]]>
</template>

<template name="doxygen-qt-member-info"  >
<![CDATA[/*!< @ */]]>
</template>

<template name="doxygen-javadoc-comment"  >
<![CDATA[
/** @
 *
 */

]]>
</template>

<template name="doxygen-javadoc-member-info"  >
<![CDATA[/**< @ */]]>
</template>

<template name="doxygen-cpp-comment"  >
<![CDATA[
/// @
/**
 *
 */

]]>
</template>

<template name="doxygen-cpp-member-info"  >
<![CDATA[///< @]]>
</template>

</templates>




</texttp>
