<?xml version="1.0"?>
<texttp>


<!-- six - sixml family templates -->
<shortcuts>
    <shortcut name="sixmllayout"     family="six"          file-type="cpp-src" template="file:sixml-def-layout.cpp"   keep-indent="true"/>
    <shortcut name="sixmlexlayout"   family="six"          file-type="cpp-src" template="file:sixml-def-exlayout.cpp"   keep-indent="true"/>
    <shortcut name="layout"          family="lay"          file-type="cpp-src" template="file:sixml-def-layout.cpp"   keep-indent="true"/>
    <shortcut name="exlayout"        family="lay"          file-type="cpp-src" template="file:sixml-def-exlayout.cpp"   keep-indent="true"/>
    <shortcut name="sxlsimple"       family="lay"          file-type="cpp-src" template="sixml-layout-simple"          keep-indent="true"/>
    <shortcut name="sxlexsimple"     family="lay"          file-type="cpp-src" template="sixml-layout-simple-ex"       keep-indent="true"/>
    <shortcut name="sxlattribute"    family="lay"          file-type="cpp-src" template="sixml-layout-attribute"       keep-indent="true"/>
    <shortcut name="sxlexattribute"  family="lay"          file-type="cpp-src" template="sixml-layout-attribute-ex"    keep-indent="true"/>
    <shortcut name="sxlarray"        family="lay"          file-type="cpp-src" template="sixml-layout-array"           keep-indent="true"/>
    <shortcut name="sxlexarray"      family="lay"          file-type="cpp-src" template="sixml-layout-array-ex"        keep-indent="true"/>
    <shortcut name="sxlarray_attribute" family="lay"       file-type="cpp-src" template="sixml-layout-array-attribute" keep-indent="true"/>
    <shortcut name="sxlarray_simple" family="lay"          file-type="cpp-src" template="sixml-layout-array-simple"    keep-indent="true"/>
    <shortcut name="sxlexarray_simple" family="lay"        file-type="cpp-src" template="sixml-layout-array-simple-ex" keep-indent="true"/>
    <shortcut name="sxlcomplex"      family="lay"          file-type="cpp-src" template="sixml-layout-complex"         keep-indent="true"/>
    <shortcut name="sxlexcomplex"    family="lay"          file-type="cpp-src" template="sixml-layout-complex-ex"      keep-indent="true"/>

</shortcuts>

<!-- CPP Headers defines check order MSVC, BCB6, BCB<6, GCC3.4 from MinGW5, GCC3.2.3 -->

<templates>

<template name="sixml-layout-simple">simple          ( _T(&quot;simple&quot;)        , &amp;$ClassName$::simple         ); // mandatory, always saved
</template>
<template name="sixml-layout-simple-ex">simple          ( _T(&quot;simple&quot;)        , &amp;$ClassName$::simple         , defVal    , emptyAsDefault  , saveDefVal );
</template>
<template name="sixml-layout-attribute">attribute       ( _T(&quot;attribute&quot;)     , &amp;$ClassName$::attribute      ); // mandatory, always saved
</template>
<template name="sixml-layout-attribute-ex">attribute       ( _T(&quot;attribute&quot;)     , &amp;$ClassName$::attribute      , defVal    , emptyAsDefault  , saveDefVal );
</template>
<template name="sixml-layout-array">array_simple    ( 0                   , &amp;$ClassName$::smp_array      , _T(&quot;;&quot;) );
</template>
<template name="sixml-layout-array-ex">array           ( _T(&quot;container-tag&quot;) , &amp;$ClassName$::tag_array      , _T(&quot;item-tag&quot;) );
</template>
<template name="sixml-layout-array-attribute">array_attribute ( _T(&quot;attribute&quot;)     , &amp;$ClassName$::attr_array     , _T(&quot;;&quot;) );
</template>
<template name="sixml-layout-array-simple">array_simple    ( 0                   , &amp;$ClassName$::smp_array      , _T(&quot;;&quot;) );
</template>
<template name="sixml-layout-array-simple-ex">array_simple    ( _T(&quot;simple-array&quot;)  , &amp;$ClassName$::smp_array      , _T(&quot;;&quot;) );
</template>
<template name="sixml-layout-complex">complex( _T(&quot;struct-tag&quot;)             , &amp;$ClassName$::complexItem    ); // mandatory
</template>
<template name="sixml-layout-complex-ex">complex( _T(&quot;struct-tag&quot;)             , &amp;$ClassName$::complexItem    , defVal  );
</template>

</templates>

</texttp>