<?xml version="1.0" encoding="UTF-8" ?>
<umba-mm-project>
    <main-source>dep111</main-source>
    <project-type>git</project-type>
    <project-scheme name="">
        <source-path>src</source-path>
        <modules-path>xlibs</modules-path>
        <projects-path>.</projects-path>
    </project-scheme>
    <installed-modules>
        <module>
            <name>dep111_sfmt</name>
            <junction>inline-to-same</junction>
            <junction>inline-to-same</junction>
            <local-name>sfmt</local-name>
            <local-root-path>.\xlibs</local-root-path>
            <local-path-name>.\xlibs\sfmt</local-path-name>
            <inline-install>1</inline-install>
        </module>
        <module>
            <name>dep111_mcusp</name>
            <junction>inline-to-same</junction>
            <junction>inline-to-same</junction>
            <local-name>mcusp</local-name>
            <local-root-path>.\xlibs</local-root-path>
            <local-path-name>.\xlibs\mcusp</local-path-name>
            <inline-install>1</inline-install>
        </module>
        <module>
            <name>dep111_cmsis</name>
            <junction>inline-to-same</junction>
            <junction>inline-to-same</junction>
            <local-name>cmsis</local-name>
            <local-root-path>.\xlibs</local-root-path>
            <local-path-name>.\xlibs\cmsis</local-path-name>
            <inline-install>1</inline-install>
        </module>
        <module>
            <name>dep111_regs</name>
            <junction>inline-to-same</junction>
            <junction>inline-to-same</junction>
            <local-name>regs</local-name>
            <local-root-path>.\xlibs</local-root-path>
            <local-path-name>.\xlibs\regs</local-path-name>
            <inline-install>1</inline-install>
        </module>
        <module>
            <name>dep111_umba</name>
            <junction>inline-to-same</junction>
            <junction>inline-to-same</junction>
            <local-name>umba</local-name>
            <local-root-path>.\xlibs</local-root-path>
            <local-path-name>.\xlibs\umba</local-path-name>
            <inline-install>1</inline-install>
        </module>
        <module>
            <name>dep111_robot</name>
            <junction>inline-to-same</junction>
            <junction>inline-to-same</junction>
            <local-name>robot</local-name>
            <local-root-path>.\xlibs</local-root-path>
            <local-path-name>.\xlibs\robot</local-path-name>
            <inline-install>1</inline-install>
        </module>
        <module>
            <name>dep111_vgpio</name>
            <junction>inline-to-same</junction>
            <junction>inline-to-same</junction>
            <local-name>vgpio</local-name>
            <local-root-path>.\xlibs</local-root-path>
            <local-path-name>.\xlibs\vgpio</local-path-name>
            <inline-install>1</inline-install>
        </module>
        <module>
            <name>dep111_umba_atomic</name>
            <junction>inline-to-same</junction>
            <junction>inline-to-same</junction>
            <local-name>umba_atomic</local-name>
            <local-root-path>.\xlibs</local-root-path>
            <local-path-name>.\xlibs\umba_atomic</local-path-name>
            <inline-install>1</inline-install>
        </module>
        <module>
            <name>dep111_circular_buffer</name>
            <junction>inline-to-same</junction>
            <junction>inline-to-same</junction>
            <local-name>circular_buffer</local-name>
            <local-root-path>.\xlibs</local-root-path>
            <local-path-name>.\xlibs\circular_buffer</local-path-name>
            <inline-install>1</inline-install>
        </module>
        <module>
            <name>dep111_global_macros</name>
            <junction>inline-to-same</junction>
            <junction>inline-to-same</junction>
            <local-name>global_macros</local-name>
            <local-root-path>.\xlibs</local-root-path>
            <local-path-name>.\xlibs\global_macros</local-path-name>
            <inline-install>1</inline-install>
        </module>
        <module>
            <name>dep111_spl</name>
            <junction>inline-to-same</junction>
            <junction>inline-to-same</junction>
            <local-name>spl</local-name>
            <local-root-path>.\xlibs</local-root-path>
            <local-path-name>.\xlibs\spl</local-path-name>
            <inline-install>1</inline-install>
        </module>
        <module>
            <name>dep111_retarget</name>
            <junction>inline-to-same</junction>
            <junction>inline-to-same</junction>
            <local-name>retarget</local-name>
            <local-root-path>.\xlibs</local-root-path>
            <local-path-name>.\xlibs\retarget</local-path-name>
            <inline-install>1</inline-install>
        </module>
        <module>
            <name>dep111_periph</name>
            <junction>inline-to-same</junction>
            <junction>inline-to-same</junction>
            <local-name>periph</local-name>
            <local-root-path>.\xlibs</local-root-path>
            <local-path-name>.\xlibs\periph</local-path-name>
            <inline-install>1</inline-install>
        </module>
        <module>
            <name>dep111_scrypto</name>
            <junction>inline-to-same</junction>
            <junction>inline-to-same</junction>
            <local-name>scrypto</local-name>
            <local-root-path>.\xlibs</local-root-path>
            <local-path-name>.\xlibs\scrypto</local-path-name>
            <inline-install>1</inline-install>
        </module>
        <module>
            <name>dep111_ihc</name>
            <junction>inline-to-same</junction>
            <junction>inline-to-same</junction>
            <local-name>ihc</local-name>
            <local-root-path>.\xlibs</local-root-path>
            <local-path-name>.\xlibs\ihc</local-path-name>
            <inline-install>1</inline-install>
        </module>
        <module>
            <name>dep111_protocols</name>
            <junction>inline-to-same</junction>
            <junction>inline-to-same</junction>
            <local-name>protocols</local-name>
            <local-root-path>.\xlibs</local-root-path>
            <local-path-name>.\xlibs\protocols</local-path-name>
            <inline-install>1</inline-install>
        </module>
        <module>
            <name>dep111_scalcus</name>
            <junction>inline-to-same</junction>
            <junction>inline-to-same</junction>
            <local-name>scalcus</local-name>
            <local-root-path>.\xlibs</local-root-path>
            <local-path-name>.\xlibs\scalcus</local-path-name>
            <inline-install>1</inline-install>
        </module>
        <module>
            <name>dep111_uart</name>
            <junction>inline-to-same</junction>
            <junction>inline-to-same</junction>
            <local-name>uart</local-name>
            <local-root-path>.\xlibs</local-root-path>
            <local-path-name>.\xlibs\uart</local-path-name>
            <inline-install>1</inline-install>
        </module>
        <module>
            <name>dep111_can</name>
            <junction>inline-to-same</junction>
            <junction>inline-to-same</junction>
            <local-name>can</local-name>
            <local-root-path>.\xlibs</local-root-path>
            <local-path-name>.\xlibs\can</local-path-name>
            <inline-install>1</inline-install>
        </module>
    </installed-modules>
    <projects>
        <project name="can_box.uvprojx">
            <installed-modules>
                <module name="dep111_sfmt">
                    <installed-files></installed-files>
                    <project-options>
                        <option type="cpp_includes" value=".\xlibs\sfmt\inc" target-value=".\xlibs\sfmt\inc"></option>
                    </project-options>
                </module>
                <module name="dep111_mcusp">
                    <installed-files></installed-files>
                    <project-options>
                        <option type="cpp_includes" value=".\xlibs\mcusp" target-value=".\xlibs\mcusp"></option>
                    </project-options>
                </module>
                <module name="dep111_cmsis">
                    <installed-files></installed-files>
                    <project-options>
                        <option type="cpp_includes" value=".\xlibs\cmsis" target-value=".\xlibs\cmsis"></option>
                    </project-options>
                </module>
                <module name="dep111_regs">
                    <installed-files></installed-files>
                    <project-options>
                        <option type="cpp_options" value="--cpp11" target-value="--cpp11"></option>
                    </project-options>
                </module>
                <module name="dep111_umba">
                    <installed-files></installed-files>
                    <project-options>
                        <option type="cpp_defines" value="UMBA_STRICT" target-value="UMBA_STRICT"></option>
                        <option type="cpp_defines" value="UMBA_MM" target-value="UMBA_MM"></option>
                        <option type="cpp_options" value="--cpp11" target-value="--cpp11"></option>
                    </project-options>
                </module>
                <module name="dep111_robot">
                    <installed-files>
                        <file-path>.\xlibs\robot\_readme.txt</file-path>
                        <file-path>.\xlibs\robot\robot.h</file-path>
                        <file-path>.\xlibs\robot\robot_ini_handler.h</file-path>
                        <file-path>.\xlibs\robot\robot_slaves_flat.h</file-path>
                        <file-path>.\xlibs\robot\simple_filters.h</file-path>
                    </installed-files>
                    <project-options>
                        <option type="cpp_options" value="--cpp11" target-value="--cpp11"></option>
                    </project-options>
                </module>
                <module name="dep111_vgpio">
                    <installed-files>
                        <file-path>.\xlibs\vgpio\_readme.txt</file-path>
                        <file-path>.\xlibs\vgpio\i_virtual_gpio.h</file-path>
                        <file-path>.\xlibs\vgpio\virtual_gpio.h</file-path>
                        <file-path>.\xlibs\vgpio\virtual_gpio.cpp</file-path>
                        <file-path>.\xlibs\vgpio\stm32_gpio.h</file-path>
                        <file-path>.\xlibs\vgpio\stm32_gpio.cpp</file-path>
                    </installed-files>
                    <project-options>
                        <option type="cpp_options" value="--cpp11" target-value="--cpp11"></option>
                    </project-options>
                </module>
                <module name="dep111_umba_atomic">
                    <installed-files></installed-files>
                    <project-options></project-options>
                </module>
                <module name="dep111_circular_buffer">
                    <installed-files></installed-files>
                    <project-options></project-options>
                </module>
                <module name="dep111_global_macros">
                    <installed-files></installed-files>
                    <project-options></project-options>
                </module>
                <module name="dep111_spl">
                    <installed-files></installed-files>
                    <project-options>
                        <option type="cpp_includes" value=".\xlibs\spl" target-value=".\xlibs\spl"></option>
                    </project-options>
                </module>
                <module name="dep111_retarget">
                    <installed-files>
                        <file-path>.\xlibs\retarget\retarget.cpp</file-path>
                    </installed-files>
                    <project-options></project-options>
                </module>
                <module name="dep111_periph">
                    <installed-files>
                        <file-path>.\xlibs\periph\_readme.txt</file-path>
                        <file-path>.\xlibs\periph\_defines.txt</file-path>
                        <file-path>.\xlibs\periph\periph.h</file-path>
                        <file-path>.\xlibs\periph\stm32_discovery.h</file-path>
                        <file-path>.\xlibs\periph\adc.h</file-path>
                        <file-path>.\xlibs\periph\dac.h</file-path>
                        <file-path>.\xlibs\periph\flash.h</file-path>
                        <file-path>.\xlibs\periph\gpio.h</file-path>
                        <file-path>.\xlibs\periph\power.h</file-path>
                        <file-path>.\xlibs\periph\spi.h</file-path>
                        <file-path>.\xlibs\periph\stm32_traits_base.h</file-path>
                        <file-path>.\xlibs\periph\stm32_traits.h</file-path>
                        <file-path>.\xlibs\periph\stm32_adc.h</file-path>
                        <file-path>.\xlibs\periph\stm32_can.h</file-path>
                        <file-path>.\xlibs\periph\stm32_dac.h</file-path>
                        <file-path>.\xlibs\periph\stm32_dma_base.h</file-path>
                        <file-path>.\xlibs\periph\stm32_dma.h</file-path>
                        <file-path>.\xlibs\periph\stm32_exti.h</file-path>
                        <file-path>.\xlibs\periph\stm32_flash.h</file-path>
                        <file-path>.\xlibs\periph\stm32_gpio.h</file-path>
                        <file-path>.\xlibs\periph\stm32_i2c.h</file-path>
                        <file-path>.\xlibs\periph\stm32_mco.h</file-path>
                        <file-path>.\xlibs\periph\stm32_nvic.h</file-path>
                        <file-path>.\xlibs\periph\stm32_pinaddrs.h</file-path>
                        <file-path>.\xlibs\periph\stm32_pinaddrs_short.h</file-path>
                        <file-path>.\xlibs\periph\stm32_spi_base.h</file-path>
                        <file-path>.\xlibs\periph\stm32_spi.h</file-path>
                        <file-path>.\xlibs\periph\stm32_syscfg.h</file-path>
                        <file-path>.\xlibs\periph\stm32_tim.h</file-path>
                        <file-path>.\xlibs\periph\stm32_uart.h</file-path>
                        <file-path>.\xlibs\periph\stm32_usb.h</file-path>
                        <file-path>.\xlibs\periph\unusage.h</file-path>
                        <file-path>.\xlibs\periph\stm32_exti.cpp</file-path>
                        <file-path>.\xlibs\periph\stm32_spi.cpp</file-path>
                        <file-path>.\xlibs\periph\stm32_dma.cpp</file-path>
                        <file-path>.\xlibs\periph\i_keyboard.h</file-path>
                        <file-path>.\xlibs\periph\keyboard.h</file-path>
                        <file-path>.\xlibs\periph\keyboard.cpp</file-path>
                        <file-path>.\xlibs\periph\keyboard_uart.cpp</file-path>
                    </installed-files>
                    <project-options>
                        <option type="cpp_options" value="--cpp11" target-value="--cpp11"></option>
                    </project-options>
                </module>
                <module name="dep111_scrypto">
                    <installed-files></installed-files>
                    <project-options>
                        <option type="cpp_options" value="--cpp11" target-value="--cpp11"></option>
                    </project-options>
                </module>
                <module name="dep111_ihc">
                    <installed-files></installed-files>
                    <project-options>
                        <option type="cpp_options" value="--cpp11" target-value="--cpp11"></option>
                    </project-options>
                </module>
                <module name="dep111_protocols">
                    <installed-files>
                        <file-path>.\xlibs\protocols\_readme.txt</file-path>
                        <file-path>.\xlibs\protocols\protocols_base.h</file-path>
                        <file-path>.\xlibs\protocols\i_datalink.h</file-path>
                        <file-path>.\xlibs\protocols\datalink_impl_base.h</file-path>
                        <file-path>.\xlibs\protocols\i_packet_composer.h</file-path>
                        <file-path>.\xlibs\protocols\packet_composer_impl_base.h</file-path>
                        <file-path>.\xlibs\protocols\i_packet_parser.h</file-path>
                        <file-path>.\xlibs\protocols\packet_parser_impl_base.h</file-path>
                        <file-path>.\xlibs\protocols\i_raw_data_events.h</file-path>
                        <file-path>.\xlibs\protocols\i_stream_protocol.h</file-path>
                        <file-path>.\xlibs\protocols\stream_protocol_impl_base.h</file-path>
                    </installed-files>
                    <project-options>
                        <option type="cpp_options" value="--cpp11" target-value="--cpp11"></option>
                    </project-options>
                </module>
                <module name="dep111_scalcus">
                    <installed-files>
                        <file-path>.\xlibs\scalcus\_readme.txt</file-path>
                        <file-path>.\xlibs\scalcus\numerics_base.h</file-path>
                        <file-path>.\xlibs\scalcus\averager.h</file-path>
                        <file-path>.\xlibs\scalcus\can.h</file-path>
                        <file-path>.\xlibs\scalcus\percent.h</file-path>
                        <file-path>.\xlibs\scalcus\pid.h</file-path>
                        <file-path>.\xlibs\scalcus\pwm.h</file-path>
                        <file-path>.\xlibs\scalcus\round.h</file-path>
                        <file-path>.\xlibs\scalcus\trigonom.h</file-path>
                        <file-path>.\xlibs\scalcus\dc_motor_positioning.h</file-path>
                    </installed-files>
                    <project-options>
                        <option type="cpp_options" value="--cpp11" target-value="--cpp11"></option>
                    </project-options>
                </module>
                <module name="dep111_uart">
                    <installed-files>
                        <file-path>.\xlibs\uart\_defines.txt</file-path>
                        <file-path>.\xlibs\uart\uart_handle.cpp</file-path>
                        <file-path>.\xlibs\uart\uart_handle.h</file-path>
                        <file-path>.\xlibs\uart\i_serial_port.h</file-path>
                    </installed-files>
                    <project-options></project-options>
                </module>
                <module name="dep111_can">
                    <installed-files>
                        <file-path>.\xlibs\can\can_handle.cpp</file-path>
                        <file-path>.\xlibs\can\can_handle.h</file-path>
                    </installed-files>
                    <project-options>
                        <option type="cpp_defines" value="USE_UMBA_MM" target-value="USE_UMBA_MM"></option>
                    </project-options>
                </module>
            </installed-modules>
        </project>
    </projects>
</umba-mm-project>
