<umba-mm-module-info>

    <options>
      <!--options-list type="cpp_includes">.</options-list-->
    </options>

    <options match-var="Toolchain" match-to="keil-v*/armcc-v*">
      <options-list type="cpp_options">--cpp11</options-list>
    </options>

    <options match-var="Toolchain" match-to="keil-v*/armclang-v*,*/gcc*">
      <options-list type="cpp_options">-std=c++11</options-list>
    </options>

    <!-- Supported since Visual C++ 2013 Update 3 -->
    <options match-var="Toolchain" match-to="msvs-v201*/msc_v*">
      <options-list type="cpp_options">/std:c++14</options-list>
    </options>

    <file>
      <file-path>_readme.txt</file-path>
    </file>

    <file>
      <file-path>i_generic_reg_table.h</file-path>
    </file>

    <file>
      <file-path>i_logic_reg_table.h</file-path>
    </file>

    <file>
      <file-path>i_raw_reg_table.h</file-path>
    </file>

    <file>
      <file-path>i_reg_table_transacted.h</file-path>
    </file>

    <file>
      <file-path>i_reg_table_for_ui.h</file-path>
    </file>

    <file>
      <file-path>i_reg_table_for_ui_ex.h</file-path>
    </file>

    <file>
      <file-path>i_dynamic_reg_table.h</file-path>
    </file>

    <file>
      <file-path>dynamic_reg_table_impl_base.h</file-path>
    </file>

    <file>
      <file-path>dynamic_reg_table.h</file-path>
    </file>

    <file>
      <file-path>dynamic_reg_table_cheader_import.h</file-path>
    </file>

    <file>
      <file-path>helpers_ganjubus.h</file-path>
    </file>

    <file>
      <file-path>print_regs.h</file-path>
    </file>

</umba-mm-module-info>